Using pre-set license
Built from '2022.3/staging' branch; Version is '2022.3.30f1 (70558241b701) revision 7361922'; Using compiler version '192829333'; Build Type 'Release'
OS: 'Windows 11  (10.0.26100) 64bit Professional' Language: 'en' Physical Memory: 98073 MB
BatchMode: 1, IsHumanControllingUs: 0, StartBugReporterOnCrash: 0, Is64bit: 1, IsPro: 1

COMMAND LINE ARGUMENTS:
C:\Program Files\Unity\Hub\Editor\2022.3.30f1\Editor\Unity.exe
-adb2
-batchMode
-noUpm
-name
AssetImportWorker1
-projectPath
C:/Users/Dan/Desktop/Tower Defense
-logFile
Logs/AssetImportWorker1.log
-srvPort
58960
Successfully changed project path to: C:/Users/Dan/Desktop/Tower Defense
C:/Users/Dan/Desktop/Tower Defense
[UnityMemory] Configuration Parameters - Can be set up in boot.config
    "memorysetup-bucket-allocator-granularity=16"
    "memorysetup-bucket-allocator-bucket-count=8"
    "memorysetup-bucket-allocator-block-size=33554432"
    "memorysetup-bucket-allocator-block-count=8"
    "memorysetup-main-allocator-block-size=16777216"
    "memorysetup-thread-allocator-block-size=16777216"
    "memorysetup-gfx-main-allocator-block-size=16777216"
    "memorysetup-gfx-thread-allocator-block-size=16777216"
    "memorysetup-cache-allocator-block-size=4194304"
    "memorysetup-typetree-allocator-block-size=2097152"
    "memorysetup-profiler-bucket-allocator-granularity=16"
    "memorysetup-profiler-bucket-allocator-bucket-count=8"
    "memorysetup-profiler-bucket-allocator-block-size=33554432"
    "memorysetup-profiler-bucket-allocator-block-count=8"
    "memorysetup-profiler-allocator-block-size=16777216"
    "memorysetup-profiler-editor-allocator-block-size=1048576"
    "memorysetup-temp-allocator-size-main=16777216"
    "memorysetup-job-temp-allocator-block-size=2097152"
    "memorysetup-job-temp-allocator-block-size-background=1048576"
    "memorysetup-job-temp-allocator-reduction-small-platforms=262144"
    "memorysetup-allocator-temp-initial-block-size-main=262144"
    "memorysetup-allocator-temp-initial-block-size-worker=262144"
    "memorysetup-temp-allocator-size-background-worker=32768"
    "memorysetup-temp-allocator-size-job-worker=262144"
    "memorysetup-temp-allocator-size-preload-manager=33554432"
    "memorysetup-temp-allocator-size-nav-mesh-worker=65536"
    "memorysetup-temp-allocator-size-audio-worker=65536"
    "memorysetup-temp-allocator-size-cloud-worker=32768"
    "memorysetup-temp-allocator-size-gi-baking-worker=262144"
    "memorysetup-temp-allocator-size-gfx=262144"
Player connection [14612] Host "[IP] 192.168.178.10 [Port] 0 [Flags] 2 [Guid] 4197916138 [EditorId] 4197916138 [Version] 1048832 [Id] WindowsEditor(7,DESKTOP-C6F6Q7F) [Debug] 1 [PackageName] WindowsEditor [ProjectName] Editor" joined multi-casting on [225.0.0.222:54997]...

Player connection [14612] Host "[IP] 192.168.178.10 [Port] 0 [Flags] 2 [Guid] 4197916138 [EditorId] 4197916138 [Version] 1048832 [Id] WindowsEditor(7,DESKTOP-C6F6Q7F) [Debug] 1 [PackageName] WindowsEditor [ProjectName] Editor" joined alternative multi-casting on [225.0.0.222:34997]...

[Physics::Module] Initialized MultithreadedJobDispatcher with 31 workers.
Refreshing native plugins compatible for Editor in 5.87 ms, found 3 plugins.
Preloading 0 native plugins for Editor in 0.00 ms.
Initialize engine version: 2022.3.30f1 (70558241b701)
[Subsystems] Discovering subsystems at path C:/Program Files/Unity/Hub/Editor/2022.3.30f1/Editor/Data/Resources/UnitySubsystems
[Subsystems] Discovering subsystems at path C:/Users/Dan/Desktop/Tower Defense/Assets
GfxDevice: creating device client; threaded=0; jobified=0
Direct3D:
    Version:  Direct3D 11.0 [level 11.1]
    Renderer: NVIDIA GeForce RTX 4070 (ID=0x2786)
    Vendor:   NVIDIA
    VRAM:     12012 MB
    Driver:   32.0.15.8129
Initialize mono
Mono path[0] = 'C:/Program Files/Unity/Hub/Editor/2022.3.30f1/Editor/Data/Managed'
Mono path[1] = 'C:/Program Files/Unity/Hub/Editor/2022.3.30f1/Editor/Data/MonoBleedingEdge/lib/mono/unityjit-win32'
Mono config path = 'C:/Program Files/Unity/Hub/Editor/2022.3.30f1/Editor/Data/MonoBleedingEdge/etc'
Using monoOptions --debugger-agent=transport=dt_socket,embedding=1,server=y,suspend=n,address=127.0.0.1:56568
Begin MonoManager ReloadAssembly
Registering precompiled unity dll's ...
Register platform support module: C:/Program Files/Unity/Hub/Editor/2022.3.30f1/Editor/Data/PlaybackEngines/WindowsStandaloneSupport/UnityEditor.WindowsStandalone.Extensions.dll
Registered in 0.004725 seconds.
- Loaded All Assemblies, in  0.200 seconds
Native extension for WindowsStandalone target not found
Mono: successfully reloaded assembly
- Finished resetting the current domain, in  0.149 seconds
Domain Reload Profiling: 347ms
	BeginReloadAssembly (66ms)
		ExecutionOrderSort (0ms)
		DisableScriptedObjects (0ms)
		BackupInstance (0ms)
		ReleaseScriptingObjects (0ms)
		CreateAndSetChildDomain (0ms)
	RebuildCommonClasses (19ms)
	RebuildNativeTypeToScriptingClass (5ms)
	initialDomainReloadingComplete (34ms)
	LoadAllAssembliesAndSetupDomain (75ms)
		LoadAssemblies (64ms)
		RebuildTransferFunctionScriptingTraits (0ms)
		AnalyzeDomain (74ms)
			TypeCache.Refresh (73ms)
				TypeCache.ScanAssembly (65ms)
			ScanForSourceGeneratedMonoScriptInfo (0ms)
			ResolveRequiredComponents (0ms)
	FinalizeReload (149ms)
		ReleaseScriptCaches (0ms)
		RebuildScriptCaches (0ms)
		SetupLoadedEditorAssemblies (117ms)
			LogAssemblyErrors (0ms)
			InitializePlatformSupportModulesInManaged (5ms)
			SetLoadedEditorAssemblies (4ms)
			RefreshPlugins (0ms)
			BeforeProcessingInitializeOnLoad (1ms)
			ProcessInitializeOnLoadAttributes (80ms)
			ProcessInitializeOnLoadMethodAttributes (26ms)
			AfterProcessingInitializeOnLoad (0ms)
			EditorAssembliesLoaded (0ms)
		ExecutionOrderSort2 (0ms)
		AwakeInstancesAfterBackupRestoration (0ms)
========================================================================
Worker process is ready to serve import requests
Begin MonoManager ReloadAssembly
- Loaded All Assemblies, in  0.349 seconds
Refreshing native plugins compatible for Editor in 2.10 ms, found 3 plugins.
Native extension for WindowsStandalone target not found
Mono: successfully reloaded assembly
- Finished resetting the current domain, in  0.309 seconds
Domain Reload Profiling: 657ms
	BeginReloadAssembly (83ms)
		ExecutionOrderSort (0ms)
		DisableScriptedObjects (3ms)
		BackupInstance (0ms)
		ReleaseScriptingObjects (0ms)
		CreateAndSetChildDomain (11ms)
	RebuildCommonClasses (18ms)
	RebuildNativeTypeToScriptingClass (5ms)
	initialDomainReloadingComplete (25ms)
	LoadAllAssembliesAndSetupDomain (216ms)
		LoadAssemblies (169ms)
		RebuildTransferFunctionScriptingTraits (0ms)
		AnalyzeDomain (97ms)
			TypeCache.Refresh (84ms)
				TypeCache.ScanAssembly (76ms)
			ScanForSourceGeneratedMonoScriptInfo (9ms)
			ResolveRequiredComponents (4ms)
	FinalizeReload (310ms)
		ReleaseScriptCaches (0ms)
		RebuildScriptCaches (0ms)
		SetupLoadedEditorAssemblies (232ms)
			LogAssemblyErrors (0ms)
			InitializePlatformSupportModulesInManaged (3ms)
			SetLoadedEditorAssemblies (2ms)
			RefreshPlugins (0ms)
			BeforeProcessingInitializeOnLoad (33ms)
			ProcessInitializeOnLoadAttributes (177ms)
			ProcessInitializeOnLoadMethodAttributes (12ms)
			AfterProcessingInitializeOnLoad (5ms)
			EditorAssembliesLoaded (0ms)
		ExecutionOrderSort2 (0ms)
		AwakeInstancesAfterBackupRestoration (4ms)
Launched and connected shader compiler UnityShaderCompiler.exe after 0.03 seconds
Refreshing native plugins compatible for Editor in 1.81 ms, found 3 plugins.
Preloading 0 native plugins for Editor in 0.00 ms.
Unloading 3299 Unused Serialized files (Serialized files now loaded: 0)
Unloading 35 unused Assets / (58.5 KB). Loaded Objects now: 3769.
Memory consumption went from 132.0 MB to 131.9 MB.
Total: 1.858400 ms (FindLiveObjects: 0.139400 ms CreateObjectMapping: 0.039600 ms MarkObjects: 1.613300 ms  DeleteObjects: 0.065400 ms)

AssetImportParameters requested are different than current active one (requested -> active):
  custom:container-demuxer-ogg: 62fdf1f143b41e24485cea50d1cbac27 -> 
  custom:video-codec-MediaFoundation-h265: 746d11721c4dcdbdad8f713fa42b33f4 -> 
  custom:video-decoder-ogg-theora: a1e56fd34408186e4bbccfd4996cb3dc -> 
  custom:framework-win-MediaFoundation: 216162199b28c13a410421893ffa2e32 -> 
  custom:CustomObjectIndexerAttribute: 9a22284fe3817be447336de3de66b15e -> 
  custom:container-demuxer-webm: 4f35f7cbe854078d1ac9338744f61a02 -> 
  custom:container-muxer-webm: aa71ff27fc2769a1b78a27578f13a17b -> 
  custom:video-decoder-webm-vp8: 9c59270c3fd7afecdb556c50c9e8de78 -> 
  custom:SearchIndexIgnoredProperties: e643bd26f0fe6173181afceb89e7c659 -> 
  custom:AudioImporter_EditorPlatform: d09bf68614088b80899f8185d706f6e7 -> 
  custom:video-encoder-webm-vp8: eb34c28f22e8b96e1ab97ce403110664 -> 
  custom:audio-decoder-ogg-vorbis: bf7c407c2cedff20999df2af8eb42d56 -> 
  custom:audio-encoder-webm-vorbis: bf7c407c2cedff20999df2af8eb42d56 -> 
========================================================================
Received Prepare
Begin MonoManager ReloadAssembly
- Loaded All Assemblies, in  0.258 seconds
Refreshing native plugins compatible for Editor in 1.99 ms, found 3 plugins.
Native extension for WindowsStandalone target not found
Mono: successfully reloaded assembly
- Finished resetting the current domain, in  0.515 seconds
Domain Reload Profiling: 772ms
	BeginReloadAssembly (95ms)
		ExecutionOrderSort (0ms)
		DisableScriptedObjects (3ms)
		BackupInstance (0ms)
		ReleaseScriptingObjects (0ms)
		CreateAndSetChildDomain (18ms)
	RebuildCommonClasses (17ms)
	RebuildNativeTypeToScriptingClass (6ms)
	initialDomainReloadingComplete (16ms)
	LoadAllAssembliesAndSetupDomain (122ms)
		LoadAssemblies (165ms)
		RebuildTransferFunctionScriptingTraits (0ms)
		AnalyzeDomain (8ms)
			TypeCache.Refresh (4ms)
				TypeCache.ScanAssembly (0ms)
			ScanForSourceGeneratedMonoScriptInfo (0ms)
			ResolveRequiredComponents (3ms)
	FinalizeReload (515ms)
		ReleaseScriptCaches (0ms)
		RebuildScriptCaches (0ms)
		SetupLoadedEditorAssemblies (227ms)
			LogAssemblyErrors (0ms)
			InitializePlatformSupportModulesInManaged (4ms)
			SetLoadedEditorAssemblies (2ms)
			RefreshPlugins (0ms)
			BeforeProcessingInitializeOnLoad (36ms)
			ProcessInitializeOnLoadAttributes (168ms)
			ProcessInitializeOnLoadMethodAttributes (12ms)
			AfterProcessingInitializeOnLoad (5ms)
			EditorAssembliesLoaded (0ms)
		ExecutionOrderSort2 (0ms)
		AwakeInstancesAfterBackupRestoration (4ms)
Refreshing native plugins compatible for Editor in 2.80 ms, found 3 plugins.
Preloading 0 native plugins for Editor in 0.00 ms.
Unloading 3276 Unused Serialized files (Serialized files now loaded: 0)
Unloading 26 unused Assets / (31.6 KB). Loaded Objects now: 3772.
Memory consumption went from 127.2 MB to 127.2 MB.
Total: 1.734100 ms (FindLiveObjects: 0.134700 ms CreateObjectMapping: 0.085500 ms MarkObjects: 1.483300 ms  DeleteObjects: 0.030000 ms)

Prepare: number of updated asset objects reloaded= 0
AssetImportParameters requested are different than current active one (requested -> active):
  custom:container-demuxer-ogg: 62fdf1f143b41e24485cea50d1cbac27 -> 
  custom:video-codec-MediaFoundation-h265: 746d11721c4dcdbdad8f713fa42b33f4 -> 
  custom:video-decoder-ogg-theora: a1e56fd34408186e4bbccfd4996cb3dc -> 
  custom:framework-win-MediaFoundation: 216162199b28c13a410421893ffa2e32 -> 
  custom:CustomObjectIndexerAttribute: 9a22284fe3817be447336de3de66b15e -> 
  custom:container-demuxer-webm: 4f35f7cbe854078d1ac9338744f61a02 -> 
  custom:container-muxer-webm: aa71ff27fc2769a1b78a27578f13a17b -> 
  custom:video-decoder-webm-vp8: 9c59270c3fd7afecdb556c50c9e8de78 -> 
  custom:SearchIndexIgnoredProperties: e643bd26f0fe6173181afceb89e7c659 -> 
  custom:AudioImporter_EditorPlatform: d09bf68614088b80899f8185d706f6e7 -> 
  custom:video-encoder-webm-vp8: eb34c28f22e8b96e1ab97ce403110664 -> 
  custom:audio-decoder-ogg-vorbis: bf7c407c2cedff20999df2af8eb42d56 -> 
  custom:audio-encoder-webm-vorbis: bf7c407c2cedff20999df2af8eb42d56 -> 
========================================================================
Received Prepare
Begin MonoManager ReloadAssembly
- Loaded All Assemblies, in  0.286 seconds
Refreshing native plugins compatible for Editor in 1.94 ms, found 3 plugins.
Native extension for WindowsStandalone target not found
Mono: successfully reloaded assembly
- Finished resetting the current domain, in  0.652 seconds
Domain Reload Profiling: 936ms
	BeginReloadAssembly (103ms)
		ExecutionOrderSort (0ms)
		DisableScriptedObjects (3ms)
		BackupInstance (0ms)
		ReleaseScriptingObjects (0ms)
		CreateAndSetChildDomain (19ms)
	RebuildCommonClasses (28ms)
	RebuildNativeTypeToScriptingClass (6ms)
	initialDomainReloadingComplete (25ms)
	LoadAllAssembliesAndSetupDomain (122ms)
		LoadAssemblies (168ms)
		RebuildTransferFunctionScriptingTraits (0ms)
		AnalyzeDomain (14ms)
			TypeCache.Refresh (5ms)
				TypeCache.ScanAssembly (1ms)
			ScanForSourceGeneratedMonoScriptInfo (4ms)
			ResolveRequiredComponents (4ms)
	FinalizeReload (652ms)
		ReleaseScriptCaches (0ms)
		RebuildScriptCaches (0ms)
		SetupLoadedEditorAssemblies (207ms)
			LogAssemblyErrors (0ms)
			InitializePlatformSupportModulesInManaged (4ms)
			SetLoadedEditorAssemblies (2ms)
			RefreshPlugins (0ms)
			BeforeProcessingInitializeOnLoad (30ms)
			ProcessInitializeOnLoadAttributes (156ms)
			ProcessInitializeOnLoadMethodAttributes (11ms)
			AfterProcessingInitializeOnLoad (4ms)
			EditorAssembliesLoaded (0ms)
		ExecutionOrderSort2 (0ms)
		AwakeInstancesAfterBackupRestoration (4ms)
Refreshing native plugins compatible for Editor in 2.12 ms, found 3 plugins.
Preloading 0 native plugins for Editor in 0.00 ms.
Unloading 3276 Unused Serialized files (Serialized files now loaded: 0)
Unloading 26 unused Assets / (31.6 KB). Loaded Objects now: 3775.
Memory consumption went from 127.2 MB to 127.2 MB.
Total: 1.637200 ms (FindLiveObjects: 0.128800 ms CreateObjectMapping: 0.040400 ms MarkObjects: 1.434300 ms  DeleteObjects: 0.033000 ms)

Prepare: number of updated asset objects reloaded= 0
AssetImportParameters requested are different than current active one (requested -> active):
  custom:container-demuxer-ogg: 62fdf1f143b41e24485cea50d1cbac27 -> 
  custom:video-codec-MediaFoundation-h265: 746d11721c4dcdbdad8f713fa42b33f4 -> 
  custom:video-decoder-ogg-theora: a1e56fd34408186e4bbccfd4996cb3dc -> 
  custom:framework-win-MediaFoundation: 216162199b28c13a410421893ffa2e32 -> 
  custom:CustomObjectIndexerAttribute: 9a22284fe3817be447336de3de66b15e -> 
  custom:container-demuxer-webm: 4f35f7cbe854078d1ac9338744f61a02 -> 
  custom:container-muxer-webm: aa71ff27fc2769a1b78a27578f13a17b -> 
  custom:video-decoder-webm-vp8: 9c59270c3fd7afecdb556c50c9e8de78 -> 
  custom:SearchIndexIgnoredProperties: e643bd26f0fe6173181afceb89e7c659 -> 
  custom:AudioImporter_EditorPlatform: d09bf68614088b80899f8185d706f6e7 -> 
  custom:video-encoder-webm-vp8: eb34c28f22e8b96e1ab97ce403110664 -> 
  custom:audio-decoder-ogg-vorbis: bf7c407c2cedff20999df2af8eb42d56 -> 
  custom:audio-encoder-webm-vorbis: bf7c407c2cedff20999df2af8eb42d56 -> 
========================================================================
Received Prepare
Begin MonoManager ReloadAssembly
- Loaded All Assemblies, in  0.276 seconds
Refreshing native plugins compatible for Editor in 1.92 ms, found 3 plugins.
Native extension for WindowsStandalone target not found
Mono: successfully reloaded assembly
- Finished resetting the current domain, in  0.516 seconds
Domain Reload Profiling: 791ms
	BeginReloadAssembly (96ms)
		ExecutionOrderSort (0ms)
		DisableScriptedObjects (3ms)
		BackupInstance (0ms)
		ReleaseScriptingObjects (0ms)
		CreateAndSetChildDomain (23ms)
	RebuildCommonClasses (18ms)
	RebuildNativeTypeToScriptingClass (6ms)
	initialDomainReloadingComplete (30ms)
	LoadAllAssembliesAndSetupDomain (124ms)
		LoadAssemblies (159ms)
		RebuildTransferFunctionScriptingTraits (0ms)
		AnalyzeDomain (13ms)
			TypeCache.Refresh (5ms)
				TypeCache.ScanAssembly (1ms)
			ScanForSourceGeneratedMonoScriptInfo (4ms)
			ResolveRequiredComponents (3ms)
	FinalizeReload (517ms)
		ReleaseScriptCaches (0ms)
		RebuildScriptCaches (0ms)
		SetupLoadedEditorAssemblies (222ms)
			LogAssemblyErrors (0ms)
			InitializePlatformSupportModulesInManaged (4ms)
			SetLoadedEditorAssemblies (3ms)
			RefreshPlugins (0ms)
			BeforeProcessingInitializeOnLoad (35ms)
			ProcessInitializeOnLoadAttributes (165ms)
			ProcessInitializeOnLoadMethodAttributes (11ms)
			AfterProcessingInitializeOnLoad (4ms)
			EditorAssembliesLoaded (0ms)
		ExecutionOrderSort2 (0ms)
		AwakeInstancesAfterBackupRestoration (4ms)
Refreshing native plugins compatible for Editor in 1.93 ms, found 3 plugins.
Preloading 0 native plugins for Editor in 0.00 ms.
Unloading 3276 Unused Serialized files (Serialized files now loaded: 0)
Unloading 26 unused Assets / (31.6 KB). Loaded Objects now: 3778.
Memory consumption went from 127.2 MB to 127.2 MB.
Total: 1.607200 ms (FindLiveObjects: 0.133900 ms CreateObjectMapping: 0.043300 ms MarkObjects: 1.398800 ms  DeleteObjects: 0.030500 ms)

Prepare: number of updated asset objects reloaded= 0
AssetImportParameters requested are different than current active one (requested -> active):
  custom:container-demuxer-ogg: 62fdf1f143b41e24485cea50d1cbac27 -> 
  custom:video-codec-MediaFoundation-h265: 746d11721c4dcdbdad8f713fa42b33f4 -> 
  custom:video-decoder-ogg-theora: a1e56fd34408186e4bbccfd4996cb3dc -> 
  custom:framework-win-MediaFoundation: 216162199b28c13a410421893ffa2e32 -> 
  custom:CustomObjectIndexerAttribute: 9a22284fe3817be447336de3de66b15e -> 
  custom:container-demuxer-webm: 4f35f7cbe854078d1ac9338744f61a02 -> 
  custom:container-muxer-webm: aa71ff27fc2769a1b78a27578f13a17b -> 
  custom:video-decoder-webm-vp8: 9c59270c3fd7afecdb556c50c9e8de78 -> 
  custom:SearchIndexIgnoredProperties: e643bd26f0fe6173181afceb89e7c659 -> 
  custom:AudioImporter_EditorPlatform: d09bf68614088b80899f8185d706f6e7 -> 
  custom:video-encoder-webm-vp8: eb34c28f22e8b96e1ab97ce403110664 -> 
  custom:audio-decoder-ogg-vorbis: bf7c407c2cedff20999df2af8eb42d56 -> 
  custom:audio-encoder-webm-vorbis: bf7c407c2cedff20999df2af8eb42d56 -> 
========================================================================
Received Prepare
Begin MonoManager ReloadAssembly
- Loaded All Assemblies, in  0.253 seconds
Refreshing native plugins compatible for Editor in 2.09 ms, found 3 plugins.
Native extension for WindowsStandalone target not found
Mono: successfully reloaded assembly
- Finished resetting the current domain, in  0.508 seconds
Domain Reload Profiling: 760ms
	BeginReloadAssembly (90ms)
		ExecutionOrderSort (0ms)
		DisableScriptedObjects (3ms)
		BackupInstance (0ms)
		ReleaseScriptingObjects (0ms)
		CreateAndSetChildDomain (17ms)
	RebuildCommonClasses (18ms)
	RebuildNativeTypeToScriptingClass (6ms)
	initialDomainReloadingComplete (17ms)
	LoadAllAssembliesAndSetupDomain (121ms)
		LoadAssemblies (161ms)
		RebuildTransferFunctionScriptingTraits (0ms)
		AnalyzeDomain (9ms)
			TypeCache.Refresh (4ms)
				TypeCache.ScanAssembly (0ms)
			ScanForSourceGeneratedMonoScriptInfo (0ms)
			ResolveRequiredComponents (3ms)
	FinalizeReload (509ms)
		ReleaseScriptCaches (0ms)
		RebuildScriptCaches (0ms)
		SetupLoadedEditorAssemblies (228ms)
			LogAssemblyErrors (0ms)
			InitializePlatformSupportModulesInManaged (4ms)
			SetLoadedEditorAssemblies (2ms)
			RefreshPlugins (0ms)
			BeforeProcessingInitializeOnLoad (35ms)
			ProcessInitializeOnLoadAttributes (169ms)
			ProcessInitializeOnLoadMethodAttributes (12ms)
			AfterProcessingInitializeOnLoad (5ms)
			EditorAssembliesLoaded (0ms)
		ExecutionOrderSort2 (0ms)
		AwakeInstancesAfterBackupRestoration (5ms)
Refreshing native plugins compatible for Editor in 2.86 ms, found 3 plugins.
Preloading 0 native plugins for Editor in 0.00 ms.
Unloading 3276 Unused Serialized files (Serialized files now loaded: 0)
Unloading 26 unused Assets / (31.6 KB). Loaded Objects now: 3781.
Memory consumption went from 127.2 MB to 127.2 MB.
Total: 1.788600 ms (FindLiveObjects: 0.178800 ms CreateObjectMapping: 0.049200 ms MarkObjects: 1.529300 ms  DeleteObjects: 0.030900 ms)

Prepare: number of updated asset objects reloaded= 0
AssetImportParameters requested are different than current active one (requested -> active):
  custom:container-demuxer-ogg: 62fdf1f143b41e24485cea50d1cbac27 -> 
  custom:video-codec-MediaFoundation-h265: 746d11721c4dcdbdad8f713fa42b33f4 -> 
  custom:video-decoder-ogg-theora: a1e56fd34408186e4bbccfd4996cb3dc -> 
  custom:framework-win-MediaFoundation: 216162199b28c13a410421893ffa2e32 -> 
  custom:CustomObjectIndexerAttribute: 9a22284fe3817be447336de3de66b15e -> 
  custom:container-demuxer-webm: 4f35f7cbe854078d1ac9338744f61a02 -> 
  custom:container-muxer-webm: aa71ff27fc2769a1b78a27578f13a17b -> 
  custom:video-decoder-webm-vp8: 9c59270c3fd7afecdb556c50c9e8de78 -> 
  custom:SearchIndexIgnoredProperties: e643bd26f0fe6173181afceb89e7c659 -> 
  custom:AudioImporter_EditorPlatform: d09bf68614088b80899f8185d706f6e7 -> 
  custom:video-encoder-webm-vp8: eb34c28f22e8b96e1ab97ce403110664 -> 
  custom:audio-decoder-ogg-vorbis: bf7c407c2cedff20999df2af8eb42d56 -> 
  custom:audio-encoder-webm-vorbis: bf7c407c2cedff20999df2af8eb42d56 -> 
========================================================================
Received Prepare
Begin MonoManager ReloadAssembly
- Loaded All Assemblies, in  0.340 seconds
Refreshing native plugins compatible for Editor in 1.88 ms, found 3 plugins.
Native extension for WindowsStandalone target not found
Mono: successfully reloaded assembly
- Finished resetting the current domain, in  0.655 seconds
Domain Reload Profiling: 994ms
	BeginReloadAssembly (140ms)
		ExecutionOrderSort (0ms)
		DisableScriptedObjects (5ms)
		BackupInstance (0ms)
		ReleaseScriptingObjects (0ms)
		CreateAndSetChildDomain (25ms)
	RebuildCommonClasses (22ms)
	RebuildNativeTypeToScriptingClass (6ms)
	initialDomainReloadingComplete (17ms)
	LoadAllAssembliesAndSetupDomain (152ms)
		LoadAssemblies (219ms)
		RebuildTransferFunctionScriptingTraits (0ms)
		AnalyzeDomain (18ms)
			TypeCache.Refresh (7ms)
				TypeCache.ScanAssembly (1ms)
			ScanForSourceGeneratedMonoScriptInfo (4ms)
			ResolveRequiredComponents (6ms)
	FinalizeReload (655ms)
		ReleaseScriptCaches (0ms)
		RebuildScriptCaches (0ms)
		SetupLoadedEditorAssemblies (207ms)
			LogAssemblyErrors (0ms)
			InitializePlatformSupportModulesInManaged (3ms)
			SetLoadedEditorAssemblies (2ms)
			RefreshPlugins (0ms)
			BeforeProcessingInitializeOnLoad (32ms)
			ProcessInitializeOnLoadAttributes (154ms)
			ProcessInitializeOnLoadMethodAttributes (10ms)
			AfterProcessingInitializeOnLoad (5ms)
			EditorAssembliesLoaded (0ms)
		ExecutionOrderSort2 (0ms)
		AwakeInstancesAfterBackupRestoration (5ms)
Refreshing native plugins compatible for Editor in 2.25 ms, found 3 plugins.
Preloading 0 native plugins for Editor in 0.00 ms.
Unloading 3276 Unused Serialized files (Serialized files now loaded: 0)
Unloading 26 unused Assets / (31.7 KB). Loaded Objects now: 3784.
Memory consumption went from 127.2 MB to 127.2 MB.
Total: 1.666900 ms (FindLiveObjects: 0.139000 ms CreateObjectMapping: 0.042900 ms MarkObjects: 1.451600 ms  DeleteObjects: 0.032300 ms)

Prepare: number of updated asset objects reloaded= 0
AssetImportParameters requested are different than current active one (requested -> active):
  custom:container-demuxer-ogg: 62fdf1f143b41e24485cea50d1cbac27 -> 
  custom:video-codec-MediaFoundation-h265: 746d11721c4dcdbdad8f713fa42b33f4 -> 
  custom:video-decoder-ogg-theora: a1e56fd34408186e4bbccfd4996cb3dc -> 
  custom:framework-win-MediaFoundation: 216162199b28c13a410421893ffa2e32 -> 
  custom:CustomObjectIndexerAttribute: 9a22284fe3817be447336de3de66b15e -> 
  custom:container-demuxer-webm: 4f35f7cbe854078d1ac9338744f61a02 -> 
  custom:container-muxer-webm: aa71ff27fc2769a1b78a27578f13a17b -> 
  custom:video-decoder-webm-vp8: 9c59270c3fd7afecdb556c50c9e8de78 -> 
  custom:SearchIndexIgnoredProperties: e643bd26f0fe6173181afceb89e7c659 -> 
  custom:AudioImporter_EditorPlatform: d09bf68614088b80899f8185d706f6e7 -> 
  custom:video-encoder-webm-vp8: eb34c28f22e8b96e1ab97ce403110664 -> 
  custom:audio-decoder-ogg-vorbis: bf7c407c2cedff20999df2af8eb42d56 -> 
  custom:audio-encoder-webm-vorbis: bf7c407c2cedff20999df2af8eb42d56 -> 
========================================================================
Received Prepare
Begin MonoManager ReloadAssembly
- Loaded All Assemblies, in  0.283 seconds
Refreshing native plugins compatible for Editor in 2.60 ms, found 3 plugins.
Native extension for WindowsStandalone target not found
Mono: successfully reloaded assembly
- Finished resetting the current domain, in  0.696 seconds
Domain Reload Profiling: 977ms
	BeginReloadAssembly (99ms)
		ExecutionOrderSort (0ms)
		DisableScriptedObjects (3ms)
		BackupInstance (0ms)
		ReleaseScriptingObjects (0ms)
		CreateAndSetChildDomain (17ms)
	RebuildCommonClasses (21ms)
	RebuildNativeTypeToScriptingClass (6ms)
	initialDomainReloadingComplete (16ms)
	LoadAllAssembliesAndSetupDomain (139ms)
		LoadAssemblies (175ms)
		RebuildTransferFunctionScriptingTraits (0ms)
		AnalyzeDomain (20ms)
			TypeCache.Refresh (7ms)
				TypeCache.ScanAssembly (1ms)
			ScanForSourceGeneratedMonoScriptInfo (6ms)
			ResolveRequiredComponents (5ms)
	FinalizeReload (696ms)
		ReleaseScriptCaches (0ms)
		RebuildScriptCaches (0ms)
		SetupLoadedEditorAssemblies (210ms)
			LogAssemblyErrors (0ms)
			InitializePlatformSupportModulesInManaged (3ms)
			SetLoadedEditorAssemblies (2ms)
			RefreshPlugins (0ms)
			BeforeProcessingInitializeOnLoad (31ms)
			ProcessInitializeOnLoadAttributes (159ms)
			ProcessInitializeOnLoadMethodAttributes (11ms)
			AfterProcessingInitializeOnLoad (4ms)
			EditorAssembliesLoaded (0ms)
		ExecutionOrderSort2 (0ms)
		AwakeInstancesAfterBackupRestoration (4ms)
Refreshing native plugins compatible for Editor in 1.97 ms, found 3 plugins.
Preloading 0 native plugins for Editor in 0.00 ms.
Unloading 3276 Unused Serialized files (Serialized files now loaded: 0)
Unloading 26 unused Assets / (31.6 KB). Loaded Objects now: 3787.
Memory consumption went from 127.2 MB to 127.2 MB.
Total: 2.547700 ms (FindLiveObjects: 0.205500 ms CreateObjectMapping: 0.074500 ms MarkObjects: 2.224300 ms  DeleteObjects: 0.042700 ms)

Prepare: number of updated asset objects reloaded= 0
AssetImportParameters requested are different than current active one (requested -> active):
  custom:container-demuxer-ogg: 62fdf1f143b41e24485cea50d1cbac27 -> 
  custom:video-codec-MediaFoundation-h265: 746d11721c4dcdbdad8f713fa42b33f4 -> 
  custom:video-decoder-ogg-theora: a1e56fd34408186e4bbccfd4996cb3dc -> 
  custom:framework-win-MediaFoundation: 216162199b28c13a410421893ffa2e32 -> 
  custom:CustomObjectIndexerAttribute: 9a22284fe3817be447336de3de66b15e -> 
  custom:container-demuxer-webm: 4f35f7cbe854078d1ac9338744f61a02 -> 
  custom:container-muxer-webm: aa71ff27fc2769a1b78a27578f13a17b -> 
  custom:video-decoder-webm-vp8: 9c59270c3fd7afecdb556c50c9e8de78 -> 
  custom:SearchIndexIgnoredProperties: e643bd26f0fe6173181afceb89e7c659 -> 
  custom:AudioImporter_EditorPlatform: d09bf68614088b80899f8185d706f6e7 -> 
  custom:video-encoder-webm-vp8: eb34c28f22e8b96e1ab97ce403110664 -> 
  custom:audio-decoder-ogg-vorbis: bf7c407c2cedff20999df2af8eb42d56 -> 
  custom:audio-encoder-webm-vorbis: bf7c407c2cedff20999df2af8eb42d56 -> 
========================================================================
Received Prepare
Begin MonoManager ReloadAssembly
- Loaded All Assemblies, in  0.253 seconds
Refreshing native plugins compatible for Editor in 2.19 ms, found 3 plugins.
Native extension for WindowsStandalone target not found
Mono: successfully reloaded assembly
- Finished resetting the current domain, in  0.524 seconds
Domain Reload Profiling: 776ms
	BeginReloadAssembly (92ms)
		ExecutionOrderSort (0ms)
		DisableScriptedObjects (3ms)
		BackupInstance (0ms)
		ReleaseScriptingObjects (0ms)
		CreateAndSetChildDomain (18ms)
	RebuildCommonClasses (18ms)
	RebuildNativeTypeToScriptingClass (6ms)
	initialDomainReloadingComplete (17ms)
	LoadAllAssembliesAndSetupDomain (119ms)
		LoadAssemblies (159ms)
		RebuildTransferFunctionScriptingTraits (0ms)
		AnalyzeDomain (9ms)
			TypeCache.Refresh (4ms)
				TypeCache.ScanAssembly (0ms)
			ScanForSourceGeneratedMonoScriptInfo (0ms)
			ResolveRequiredComponents (3ms)
	FinalizeReload (524ms)
		ReleaseScriptCaches (0ms)
		RebuildScriptCaches (0ms)
		SetupLoadedEditorAssemblies (234ms)
			LogAssemblyErrors (0ms)
			InitializePlatformSupportModulesInManaged (4ms)
			SetLoadedEditorAssemblies (2ms)
			RefreshPlugins (0ms)
			BeforeProcessingInitializeOnLoad (37ms)
			ProcessInitializeOnLoadAttributes (173ms)
			ProcessInitializeOnLoadMethodAttributes (12ms)
			AfterProcessingInitializeOnLoad (5ms)
			EditorAssembliesLoaded (0ms)
		ExecutionOrderSort2 (0ms)
		AwakeInstancesAfterBackupRestoration (5ms)
Refreshing native plugins compatible for Editor in 2.33 ms, found 3 plugins.
Preloading 0 native plugins for Editor in 0.00 ms.
Unloading 3276 Unused Serialized files (Serialized files now loaded: 0)
Unloading 26 unused Assets / (31.8 KB). Loaded Objects now: 3790.
Memory consumption went from 127.2 MB to 127.2 MB.
Total: 1.779900 ms (FindLiveObjects: 0.131900 ms CreateObjectMapping: 0.039600 ms MarkObjects: 1.576600 ms  DeleteObjects: 0.031200 ms)

Prepare: number of updated asset objects reloaded= 0
AssetImportParameters requested are different than current active one (requested -> active):
  custom:container-demuxer-ogg: 62fdf1f143b41e24485cea50d1cbac27 -> 
  custom:video-codec-MediaFoundation-h265: 746d11721c4dcdbdad8f713fa42b33f4 -> 
  custom:video-decoder-ogg-theora: a1e56fd34408186e4bbccfd4996cb3dc -> 
  custom:framework-win-MediaFoundation: 216162199b28c13a410421893ffa2e32 -> 
  custom:CustomObjectIndexerAttribute: 9a22284fe3817be447336de3de66b15e -> 
  custom:container-demuxer-webm: 4f35f7cbe854078d1ac9338744f61a02 -> 
  custom:container-muxer-webm: aa71ff27fc2769a1b78a27578f13a17b -> 
  custom:video-decoder-webm-vp8: 9c59270c3fd7afecdb556c50c9e8de78 -> 
  custom:SearchIndexIgnoredProperties: e643bd26f0fe6173181afceb89e7c659 -> 
  custom:AudioImporter_EditorPlatform: d09bf68614088b80899f8185d706f6e7 -> 
  custom:video-encoder-webm-vp8: eb34c28f22e8b96e1ab97ce403110664 -> 
  custom:audio-decoder-ogg-vorbis: bf7c407c2cedff20999df2af8eb42d56 -> 
  custom:audio-encoder-webm-vorbis: bf7c407c2cedff20999df2af8eb42d56 -> 
========================================================================
Received Prepare
Begin MonoManager ReloadAssembly
- Loaded All Assemblies, in  0.271 seconds
Refreshing native plugins compatible for Editor in 2.54 ms, found 3 plugins.
Native extension for WindowsStandalone target not found
Mono: successfully reloaded assembly
- Finished resetting the current domain, in  0.530 seconds
Domain Reload Profiling: 799ms
	BeginReloadAssembly (95ms)
		ExecutionOrderSort (0ms)
		DisableScriptedObjects (3ms)
		BackupInstance (0ms)
		ReleaseScriptingObjects (0ms)
		CreateAndSetChildDomain (19ms)
	RebuildCommonClasses (18ms)
	RebuildNativeTypeToScriptingClass (6ms)
	initialDomainReloadingComplete (17ms)
	LoadAllAssembliesAndSetupDomain (134ms)
		LoadAssemblies (169ms)
		RebuildTransferFunctionScriptingTraits (0ms)
		AnalyzeDomain (15ms)
			TypeCache.Refresh (5ms)
				TypeCache.ScanAssembly (1ms)
			ScanForSourceGeneratedMonoScriptInfo (4ms)
			ResolveRequiredComponents (4ms)
	FinalizeReload (530ms)
		ReleaseScriptCaches (0ms)
		RebuildScriptCaches (0ms)
		SetupLoadedEditorAssemblies (223ms)
			LogAssemblyErrors (0ms)
			InitializePlatformSupportModulesInManaged (3ms)
			SetLoadedEditorAssemblies (2ms)
			RefreshPlugins (0ms)
			BeforeProcessingInitializeOnLoad (33ms)
			ProcessInitializeOnLoadAttributes (166ms)
			ProcessInitializeOnLoadMethodAttributes (12ms)
			AfterProcessingInitializeOnLoad (5ms)
			EditorAssembliesLoaded (0ms)
		ExecutionOrderSort2 (0ms)
		AwakeInstancesAfterBackupRestoration (5ms)
Refreshing native plugins compatible for Editor in 2.04 ms, found 3 plugins.
Preloading 0 native plugins for Editor in 0.00 ms.
Unloading 3282 Unused Serialized files (Serialized files now loaded: 0)
Unloading 26 unused Assets / (31.8 KB). Loaded Objects now: 3799.
Memory consumption went from 127.4 MB to 127.4 MB.
Total: 1.757900 ms (FindLiveObjects: 0.138700 ms CreateObjectMapping: 0.046400 ms MarkObjects: 1.537600 ms  DeleteObjects: 0.034300 ms)

Prepare: number of updated asset objects reloaded= 0
AssetImportParameters requested are different than current active one (requested -> active):
  custom:container-demuxer-ogg: 62fdf1f143b41e24485cea50d1cbac27 -> 
  custom:video-codec-MediaFoundation-h265: 746d11721c4dcdbdad8f713fa42b33f4 -> 
  custom:video-decoder-ogg-theora: a1e56fd34408186e4bbccfd4996cb3dc -> 
  custom:framework-win-MediaFoundation: 216162199b28c13a410421893ffa2e32 -> 
  custom:CustomObjectIndexerAttribute: 9a22284fe3817be447336de3de66b15e -> 
  custom:container-demuxer-webm: 4f35f7cbe854078d1ac9338744f61a02 -> 
  custom:container-muxer-webm: aa71ff27fc2769a1b78a27578f13a17b -> 
  custom:video-decoder-webm-vp8: 9c59270c3fd7afecdb556c50c9e8de78 -> 
  custom:SearchIndexIgnoredProperties: e643bd26f0fe6173181afceb89e7c659 -> 
  custom:AudioImporter_EditorPlatform: d09bf68614088b80899f8185d706f6e7 -> 
  custom:video-encoder-webm-vp8: eb34c28f22e8b96e1ab97ce403110664 -> 
  custom:audio-decoder-ogg-vorbis: bf7c407c2cedff20999df2af8eb42d56 -> 
  custom:audio-encoder-webm-vorbis: bf7c407c2cedff20999df2af8eb42d56 -> 
========================================================================
Received Import Request.
  Time since last request: 211562.719302 seconds.
  path: Assets/Piloto Studio/Campfire And Torches Pack/Prefabs/SM_campfire_001_AmbienceFX.prefab
  artifactKey: Guid(e4f26a2795077c749a9c01f2c33c797d) Importer(815301076,1909f56bfc062723c751e8b465ee728b)
Start importing Assets/Piloto Studio/Campfire And Torches Pack/Prefabs/SM_campfire_001_AmbienceFX.prefab using Guid(e4f26a2795077c749a9c01f2c33c797d) Importer(815301076,1909f56bfc062723c751e8b465ee728b)  -> (artifact id: '9136df3115af43a21cbe7688fb022a4d') in 0.084147 seconds
Number of updated asset objects reloaded before import = 0
Number of asset objects unloaded after import = 45
========================================================================
Received Import Request.
  Time since last request: 0.000012 seconds.
  path: Assets/Piloto Studio/Campfire And Torches Pack/Prefabs/SM_irontorch_002.prefab
  artifactKey: Guid(416e0e1b577ff304d8f4d0c354c0dd63) Importer(815301076,1909f56bfc062723c751e8b465ee728b)
Start importing Assets/Piloto Studio/Campfire And Torches Pack/Prefabs/SM_irontorch_002.prefab using Guid(416e0e1b577ff304d8f4d0c354c0dd63) Importer(815301076,1909f56bfc062723c751e8b465ee728b)  -> (artifact id: 'ee335185a16821acc333f5ffd8a98c1a') in 0.017114 seconds
Number of updated asset objects reloaded before import = 0
Number of asset objects unloaded after import = 8
========================================================================
Received Import Request.
  Time since last request: 0.000016 seconds.
  path: Assets/Piloto Studio/Campfire And Torches Pack/Prefabs/SM_planks_002.prefab
  artifactKey: Guid(ea841482b40ca984ba1d9813f5bae5d6) Importer(815301076,1909f56bfc062723c751e8b465ee728b)
Start importing Assets/Piloto Studio/Campfire And Torches Pack/Prefabs/SM_planks_002.prefab using Guid(ea841482b40ca984ba1d9813f5bae5d6) Importer(815301076,1909f56bfc062723c751e8b465ee728b)  -> (artifact id: '2f7057fe063bca8ff4f2aa58646e4bb9') in 0.010814 seconds
Number of updated asset objects reloaded before import = 0
Number of asset objects unloaded after import = 8
========================================================================
Received Import Request.
  Time since last request: 0.000009 seconds.
  path: Assets/Piloto Studio/Campfire And Torches Pack/Prefabs/SM_campfire_003.prefab
  artifactKey: Guid(5db7de3e67ce82243834564e9913e043) Importer(815301076,1909f56bfc062723c751e8b465ee728b)
Start importing Assets/Piloto Studio/Campfire And Torches Pack/Prefabs/SM_campfire_003.prefab using Guid(5db7de3e67ce82243834564e9913e043) Importer(815301076,1909f56bfc062723c751e8b465ee728b)  -> (artifact id: 'f02dc70f8970683e82623dc7e0693cdc') in 0.016749 seconds
Number of updated asset objects reloaded before import = 0
Number of asset objects unloaded after import = 8
========================================================================
Received Import Request.
  Time since last request: 0.000010 seconds.
  path: Assets/Piloto Studio/Campfire And Torches Pack/Prefabs/SM_props_candle_02_AmbienceFX.prefab
  artifactKey: Guid(9ba1d8ab6c11e2f49bd24ffc7408e505) Importer(815301076,1909f56bfc062723c751e8b465ee728b)
Start importing Assets/Piloto Studio/Campfire And Torches Pack/Prefabs/SM_props_candle_02_AmbienceFX.prefab using Guid(9ba1d8ab6c11e2f49bd24ffc7408e505) Importer(815301076,1909f56bfc062723c751e8b465ee728b)  -> (artifact id: '17e030247e0d7d2197faf7dd71de2a48') in 0.016176 seconds
Number of updated asset objects reloaded before import = 0
Number of asset objects unloaded after import = 29
========================================================================
Received Import Request.
  Time since last request: 0.000010 seconds.
  path: Assets/Piloto Studio/Campfire And Torches Pack/Prefabs/SM_props_candle_01.prefab
  artifactKey: Guid(8bd8d6e75647b574bb81b82c3d1177f0) Importer(815301076,1909f56bfc062723c751e8b465ee728b)
Start importing Assets/Piloto Studio/Campfire And Torches Pack/Prefabs/SM_props_candle_01.prefab using Guid(8bd8d6e75647b574bb81b82c3d1177f0) Importer(815301076,1909f56bfc062723c751e8b465ee728b)  -> (artifact id: '769f071ef1a9cd45ab1c409627a6f768') in 0.017339 seconds
Number of updated asset objects reloaded before import = 0
Number of asset objects unloaded after import = 8
========================================================================
Received Import Request.
  Time since last request: 0.000011 seconds.
  path: Assets/Piloto Studio/Campfire And Torches Pack/Prefabs/SM_irontorch_001.prefab
  artifactKey: Guid(d4a432448a3d5e647bc2eb4e9fbddece) Importer(815301076,1909f56bfc062723c751e8b465ee728b)
Start importing Assets/Piloto Studio/Campfire And Torches Pack/Prefabs/SM_irontorch_001.prefab using Guid(d4a432448a3d5e647bc2eb4e9fbddece) Importer(815301076,1909f56bfc062723c751e8b465ee728b)  -> (artifact id: '02cc4d5174977ff3bbf84942519d38b5') in 0.016134 seconds
Number of updated asset objects reloaded before import = 0
Number of asset objects unloaded after import = 8
========================================================================
Received Import Request.
  Time since last request: 0.000010 seconds.
  path: Assets/Piloto Studio/Campfire And Torches Pack/Prefabs/SM_planks_001.prefab
  artifactKey: Guid(1d84de93a8b64684da6efb66f64e7623) Importer(815301076,1909f56bfc062723c751e8b465ee728b)
Start importing Assets/Piloto Studio/Campfire And Torches Pack/Prefabs/SM_planks_001.prefab using Guid(1d84de93a8b64684da6efb66f64e7623) Importer(815301076,1909f56bfc062723c751e8b465ee728b)  -> (artifact id: '35c74e9db55475f0567ce0701f57b7f7') in 0.016123 seconds
Number of updated asset objects reloaded before import = 0
Number of asset objects unloaded after import = 8
========================================================================
Received Import Request.
  Time since last request: 0.000011 seconds.
  path: Assets/Piloto Studio/Campfire And Torches Pack/Prefabs/SM_campfire_002_AmbienceFX.prefab
  artifactKey: Guid(e5b22139feccdc04f9a225d2a41c0a22) Importer(815301076,1909f56bfc062723c751e8b465ee728b)
Start importing Assets/Piloto Studio/Campfire And Torches Pack/Prefabs/SM_campfire_002_AmbienceFX.prefab using Guid(e5b22139feccdc04f9a225d2a41c0a22) Importer(815301076,1909f56bfc062723c751e8b465ee728b)  -> (artifact id: '370eff5840ed145b53acaa1c960e1fb8') in 0.013655 seconds
Number of updated asset objects reloaded before import = 0
Number of asset objects unloaded after import = 45
========================================================================
Received Import Request.
  Time since last request: 0.000010 seconds.
  path: Assets/Piloto Studio/Campfire And Torches Pack/Prefabs/SM_campfire_005.prefab
  artifactKey: Guid(82d060d0e8fd9164f8f61aaf7a148b46) Importer(815301076,1909f56bfc062723c751e8b465ee728b)
Start importing Assets/Piloto Studio/Campfire And Torches Pack/Prefabs/SM_campfire_005.prefab using Guid(82d060d0e8fd9164f8f61aaf7a148b46) Importer(815301076,1909f56bfc062723c751e8b465ee728b)  -> (artifact id: 'e3bd91befac73932a378ca5cd6ae4e9c') in 0.020991 seconds
Number of updated asset objects reloaded before import = 0
Number of asset objects unloaded after import = 8
========================================================================
Received Import Request.
  Time since last request: 0.000010 seconds.
  path: Assets/Piloto Studio/Campfire And Torches Pack/Prefabs/SM_campfire_004.prefab
  artifactKey: Guid(ca4e22f1f2a41604d8887fb4f60ce127) Importer(815301076,1909f56bfc062723c751e8b465ee728b)
Start importing Assets/Piloto Studio/Campfire And Torches Pack/Prefabs/SM_campfire_004.prefab using Guid(ca4e22f1f2a41604d8887fb4f60ce127) Importer(815301076,1909f56bfc062723c751e8b465ee728b)  -> (artifact id: 'c4bc6ee5acf44c6d42a6082c3afa2d4a') in 0.013423 seconds
Number of updated asset objects reloaded before import = 0
Number of asset objects unloaded after import = 8
========================================================================
Received Import Request.
  Time since last request: 0.000011 seconds.
  path: Assets/Piloto Studio/Campfire And Torches Pack/Prefabs/SM_torch_002_AmbienceFX.prefab
  artifactKey: Guid(e9e2e298b79622140b4b0ef76ef5463b) Importer(815301076,1909f56bfc062723c751e8b465ee728b)
Start importing Assets/Piloto Studio/Campfire And Torches Pack/Prefabs/SM_torch_002_AmbienceFX.prefab using Guid(e9e2e298b79622140b4b0ef76ef5463b) Importer(815301076,1909f56bfc062723c751e8b465ee728b)  -> (artifact id: '3e403046c6a7cc479d749d7d522f91b5') in 0.015416 seconds
Number of updated asset objects reloaded before import = 0
Number of asset objects unloaded after import = 38
========================================================================
Received Import Request.
  Time since last request: 0.000011 seconds.
  path: Assets/Piloto Studio/Campfire And Torches Pack/Prefabs/SM_irontorch_001_AmbienceFX.prefab
  artifactKey: Guid(a00646ffdd0c8c94aab1d8cea35c7847) Importer(815301076,1909f56bfc062723c751e8b465ee728b)
Start importing Assets/Piloto Studio/Campfire And Torches Pack/Prefabs/SM_irontorch_001_AmbienceFX.prefab using Guid(a00646ffdd0c8c94aab1d8cea35c7847) Importer(815301076,1909f56bfc062723c751e8b465ee728b)  -> (artifact id: '1b3abaada2161c4097a55ad75e97efeb') in 0.016382 seconds
Number of updated asset objects reloaded before import = 0
Number of asset objects unloaded after import = 38
========================================================================
Received Import Request.
  Time since last request: 0.000010 seconds.
  path: Assets/Piloto Studio/Campfire And Torches Pack/Prefabs/SM_campfire_002.prefab
  artifactKey: Guid(82561250608dfd54d834633a2ef56879) Importer(815301076,1909f56bfc062723c751e8b465ee728b)
Start importing Assets/Piloto Studio/Campfire And Torches Pack/Prefabs/SM_campfire_002.prefab using Guid(82561250608dfd54d834633a2ef56879) Importer(815301076,1909f56bfc062723c751e8b465ee728b)  -> (artifact id: '75883f83c6a2be70aae62a6c61bc1daa') in 0.011735 seconds
Number of updated asset objects reloaded before import = 0
Number of asset objects unloaded after import = 8
========================================================================
Received Import Request.
  Time since last request: 0.000011 seconds.
  path: Assets/Piloto Studio/Campfire And Torches Pack/Prefabs/SM_props_candle_02.prefab
  artifactKey: Guid(d0e28842d93f5db42b0c0bb70755da8c) Importer(815301076,1909f56bfc062723c751e8b465ee728b)
Start importing Assets/Piloto Studio/Campfire And Torches Pack/Prefabs/SM_props_candle_02.prefab using Guid(d0e28842d93f5db42b0c0bb70755da8c) Importer(815301076,1909f56bfc062723c751e8b465ee728b)  -> (artifact id: '6286521761bc2ce6add64c58f4ca26c0') in 0.011019 seconds
Number of updated asset objects reloaded before import = 0
Number of asset objects unloaded after import = 8
========================================================================
Received Import Request.
  Time since last request: 0.000012 seconds.
  path: Assets/Piloto Studio/Campfire And Torches Pack/Prefabs/SM_torch_003_AmbienceFX.prefab
  artifactKey: Guid(78a5713850a5cdb4786fa0fed25cdbd6) Importer(815301076,1909f56bfc062723c751e8b465ee728b)
Start importing Assets/Piloto Studio/Campfire And Torches Pack/Prefabs/SM_torch_003_AmbienceFX.prefab using Guid(78a5713850a5cdb4786fa0fed25cdbd6) Importer(815301076,1909f56bfc062723c751e8b465ee728b)  -> (artifact id: 'e18246952e7168e6233d49a1eaabffc2') in 0.010231 seconds
Number of updated asset objects reloaded before import = 0
Number of asset objects unloaded after import = 38
========================================================================
Received Import Request.
  Time since last request: 2.882910 seconds.
  path: Assets/Piloto Studio/Campfire And Torches Pack/Models/SM_campfire_002.fbx
  artifactKey: Guid(4ebe69c281207664b9c486e5e8c5bb6f) Importer(815301076,1909f56bfc062723c751e8b465ee728b)
Start importing Assets/Piloto Studio/Campfire And Torches Pack/Models/SM_campfire_002.fbx using Guid(4ebe69c281207664b9c486e5e8c5bb6f) Importer(815301076,1909f56bfc062723c751e8b465ee728b)  -> (artifact id: 'e8e4716ee813a4c1bf5035fa4bd6372a') in 0.032033 seconds
Number of updated asset objects reloaded before import = 0
Number of asset objects unloaded after import = 7
========================================================================
Received Import Request.
  Time since last request: 0.000011 seconds.
  path: Assets/Piloto Studio/Campfire And Torches Pack/Models/SM_torch_001.fbx
  artifactKey: Guid(6d4f2c8a144ef1a468956e71f1c13915) Importer(815301076,1909f56bfc062723c751e8b465ee728b)
Start importing Assets/Piloto Studio/Campfire And Torches Pack/Models/SM_torch_001.fbx using Guid(6d4f2c8a144ef1a468956e71f1c13915) Importer(815301076,1909f56bfc062723c751e8b465ee728b)  -> (artifact id: '098ea2bd091037ef472b4a30fa79be53') in 0.028054 seconds
Number of updated asset objects reloaded before import = 0
Number of asset objects unloaded after import = 7
========================================================================
Received Import Request.
  Time since last request: 0.000009 seconds.
  path: Assets/Piloto Studio/Campfire And Torches Pack/Models/SM_campfire_003.fbx
  artifactKey: Guid(38dc3b2e079656446a51ea54f4de51b7) Importer(815301076,1909f56bfc062723c751e8b465ee728b)
Start importing Assets/Piloto Studio/Campfire And Torches Pack/Models/SM_campfire_003.fbx using Guid(38dc3b2e079656446a51ea54f4de51b7) Importer(815301076,1909f56bfc062723c751e8b465ee728b)  -> (artifact id: '84d0d191f2e648b5c23a3a10e9d695f6') in 0.019026 seconds
Number of updated asset objects reloaded before import = 0
Number of asset objects unloaded after import = 7
========================================================================
Received Import Request.
  Time since last request: 0.000010 seconds.
  path: Assets/Piloto Studio/Campfire And Torches Pack/Models/SM_planks_001.fbx
  artifactKey: Guid(76b04e716f2c6dc4780b82290928f565) Importer(815301076,1909f56bfc062723c751e8b465ee728b)
Start importing Assets/Piloto Studio/Campfire And Torches Pack/Models/SM_planks_001.fbx using Guid(76b04e716f2c6dc4780b82290928f565) Importer(815301076,1909f56bfc062723c751e8b465ee728b)  -> (artifact id: '92f5e4057db291b821a01f23e10a0f14') in 0.015858 seconds
Number of updated asset objects reloaded before import = 0
Number of asset objects unloaded after import = 7
========================================================================
Received Import Request.
  Time since last request: 0.000009 seconds.
  path: Assets/Piloto Studio/Campfire And Torches Pack/Models/SM_irontorch_003.fbx
  artifactKey: Guid(4ace2cb9344d8ac4d92e9e0a3e189e68) Importer(815301076,1909f56bfc062723c751e8b465ee728b)
Start importing Assets/Piloto Studio/Campfire And Torches Pack/Models/SM_irontorch_003.fbx using Guid(4ace2cb9344d8ac4d92e9e0a3e189e68) Importer(815301076,1909f56bfc062723c751e8b465ee728b)  -> (artifact id: 'd07dd7db74687323297bfefb69dcc6a3') in 0.026998 seconds
Number of updated asset objects reloaded before import = 0
Number of asset objects unloaded after import = 7
========================================================================
Received Import Request.
  Time since last request: 0.000010 seconds.
  path: Assets/Piloto Studio/Campfire And Torches Pack/Models/SM_planks_002.fbx
  artifactKey: Guid(396dd49eaa85abf43b578d5c256863e1) Importer(815301076,1909f56bfc062723c751e8b465ee728b)
Start importing Assets/Piloto Studio/Campfire And Torches Pack/Models/SM_planks_002.fbx using Guid(396dd49eaa85abf43b578d5c256863e1) Importer(815301076,1909f56bfc062723c751e8b465ee728b)  -> (artifact id: '807b8cfb2de07e561f70b694a1c59118') in 0.035765 seconds
Number of updated asset objects reloaded before import = 0
Number of asset objects unloaded after import = 7
========================================================================
Received Import Request.
  Time since last request: 0.000010 seconds.
  path: Assets/Piloto Studio/Campfire And Torches Pack/Models/SM_props_candle_02.fbx
  artifactKey: Guid(ee98a745cb5a3da4eaf1d8a68da39dcd) Importer(815301076,1909f56bfc062723c751e8b465ee728b)
Start importing Assets/Piloto Studio/Campfire And Torches Pack/Models/SM_props_candle_02.fbx using Guid(ee98a745cb5a3da4eaf1d8a68da39dcd) Importer(815301076,1909f56bfc062723c751e8b465ee728b)  -> (artifact id: '55d258f9d7ffe6e94e63dc867de9b725') in 0.023040 seconds
Number of updated asset objects reloaded before import = 0
Number of asset objects unloaded after import = 7
========================================================================
Received Import Request.
  Time since last request: 0.000012 seconds.
  path: Assets/Piloto Studio/Campfire And Torches Pack/Models/SM_irontorch_002.fbx
  artifactKey: Guid(c141fd4f46f7ad644bdf8bb93604866d) Importer(815301076,1909f56bfc062723c751e8b465ee728b)
Start importing Assets/Piloto Studio/Campfire And Torches Pack/Models/SM_irontorch_002.fbx using Guid(c141fd4f46f7ad644bdf8bb93604866d) Importer(815301076,1909f56bfc062723c751e8b465ee728b)  -> (artifact id: '88d3fc7acaa46b1e7df4f46965b9dc94') in 0.023939 seconds
Number of updated asset objects reloaded before import = 0
Number of asset objects unloaded after import = 7
========================================================================
Received Import Request.
  Time since last request: 6.969613 seconds.
  path: Assets/Piloto Studio/Materials/Shared/Flare_FatDot_Add_Soft.mat
  artifactKey: Guid(c5af313e076fb404ca65c0ba49e60f52) Importer(815301076,1909f56bfc062723c751e8b465ee728b)
Start importing Assets/Piloto Studio/Materials/Shared/Flare_FatDot_Add_Soft.mat using Guid(c5af313e076fb404ca65c0ba49e60f52) Importer(815301076,1909f56bfc062723c751e8b465ee728b)  -> (artifact id: '409d0c7da02047a574abfb7acf8afce9') in 0.021726 seconds
Number of updated asset objects reloaded before import = 0
Number of asset objects unloaded after import = 2
========================================================================
Received Import Request.
  Time since last request: 0.000010 seconds.
  path: Assets/Piloto Studio/Materials/Shared/Flare_GlowdotPickbook_Add.mat
  artifactKey: Guid(b79b2fbc09c73724cbc7af6e111343d4) Importer(815301076,1909f56bfc062723c751e8b465ee728b)
Start importing Assets/Piloto Studio/Materials/Shared/Flare_GlowdotPickbook_Add.mat using Guid(b79b2fbc09c73724cbc7af6e111343d4) Importer(815301076,1909f56bfc062723c751e8b465ee728b)  -> (artifact id: '8555602763e2c6f000524d0dad2bd3c9') in 0.007652 seconds
Number of updated asset objects reloaded before import = 0
Number of asset objects unloaded after import = 3
========================================================================
Received Import Request.
  Time since last request: 0.000009 seconds.
  path: Assets/Piloto Studio/Materials/Shared/FuzzAdd.mat
  artifactKey: Guid(661da4e08f699014dadcffd348c96a62) Importer(815301076,1909f56bfc062723c751e8b465ee728b)
Start importing Assets/Piloto Studio/Materials/Shared/FuzzAdd.mat using Guid(661da4e08f699014dadcffd348c96a62) Importer(815301076,1909f56bfc062723c751e8b465ee728b)  -> (artifact id: '832f7ad055ad41fec6310c9f5f287f02') in 0.006411 seconds
Number of updated asset objects reloaded before import = 0
Number of asset objects unloaded after import = 1
========================================================================
Received Import Request.
  Time since last request: 6.596050 seconds.
  path: Assets/Piloto Studio/Textures/FireQuad_Stylized.png
  artifactKey: Guid(d2a0655842a345e3a08c94b09a7483f8) Importer(815301076,1909f56bfc062723c751e8b465ee728b)
Start importing Assets/Piloto Studio/Textures/FireQuad_Stylized.png using Guid(d2a0655842a345e3a08c94b09a7483f8) Importer(815301076,1909f56bfc062723c751e8b465ee728b)  -> (artifact id: 'b38bdc711ff6fc0772ba1cd295d65dd7') in 0.028449 seconds
Number of updated asset objects reloaded before import = 0
Number of asset objects unloaded after import = 2
========================================================================
Received Import Request.
  Time since last request: 0.000009 seconds.
  path: Assets/Piloto Studio/Textures/Glowdots_Speckles.png
  artifactKey: Guid(48062ffb73b309947928e7030308023a) Importer(815301076,1909f56bfc062723c751e8b465ee728b)
Start importing Assets/Piloto Studio/Textures/Glowdots_Speckles.png using Guid(48062ffb73b309947928e7030308023a) Importer(815301076,1909f56bfc062723c751e8b465ee728b)  -> (artifact id: 'b4ffec53c653cce877f9b4958e8448d3') in 0.016802 seconds
Number of updated asset objects reloaded before import = 0
Number of asset objects unloaded after import = 2
========================================================================
Received Import Request.
  Time since last request: 0.000009 seconds.
  path: Assets/Piloto Studio/Textures/HalftoneCrescent.png
  artifactKey: Guid(11704389ad2cbfb4089c7ae7eb0b4964) Importer(815301076,1909f56bfc062723c751e8b465ee728b)
Start importing Assets/Piloto Studio/Textures/HalftoneCrescent.png using Guid(11704389ad2cbfb4089c7ae7eb0b4964) Importer(815301076,1909f56bfc062723c751e8b465ee728b)  -> (artifact id: '0178c4e3fc689edc135234af89e18456') in 0.009498 seconds
Number of updated asset objects reloaded before import = 0
Number of asset objects unloaded after import = 2
========================================================================
Received Import Request.
  Time since last request: 0.000008 seconds.
  path: Assets/Piloto Studio/Textures/Flare_FatDot.png
  artifactKey: Guid(d1d952ce60053cd4aae8bab9176e3e48) Importer(815301076,1909f56bfc062723c751e8b465ee728b)
Start importing Assets/Piloto Studio/Textures/Flare_FatDot.png using Guid(d1d952ce60053cd4aae8bab9176e3e48) Importer(815301076,1909f56bfc062723c751e8b465ee728b)  -> (artifact id: '368d9f81284723ac32d1cbf161ad070b') in 0.020352 seconds
Number of updated asset objects reloaded before import = 0
Number of asset objects unloaded after import = 2
========================================================================
Received Import Request.
  Time since last request: 0.000011 seconds.
  path: Assets/Piloto Studio/Textures/SmokeHarsh_BlackSpots.png
  artifactKey: Guid(4adc6c038a6a47448bad89825475760f) Importer(815301076,1909f56bfc062723c751e8b465ee728b)
Start importing Assets/Piloto Studio/Textures/SmokeHarsh_BlackSpots.png using Guid(4adc6c038a6a47448bad89825475760f) Importer(815301076,1909f56bfc062723c751e8b465ee728b)  -> (artifact id: '4febd432236edb2f8d4bc63c221ab37a') in 0.016361 seconds
Number of updated asset objects reloaded before import = 0
Number of asset objects unloaded after import = 2
========================================================================
Received Import Request.
  Time since last request: 0.000016 seconds.
  path: Assets/Piloto Studio/Textures/Trail_WispyGeneric.png
  artifactKey: Guid(4dd4c93f487c05b4f84c39a956be86e9) Importer(815301076,1909f56bfc062723c751e8b465ee728b)
Start importing Assets/Piloto Studio/Textures/Trail_WispyGeneric.png using Guid(4dd4c93f487c05b4f84c39a956be86e9) Importer(815301076,1909f56bfc062723c751e8b465ee728b)  -> (artifact id: '438ce15e44312d178a402e2a535115b6') in 0.027918 seconds
Number of updated asset objects reloaded before import = 0
Number of asset objects unloaded after import = 2
========================================================================
Received Prepare
Begin MonoManager ReloadAssembly
- Loaded All Assemblies, in  0.254 seconds
Refreshing native plugins compatible for Editor in 2.42 ms, found 3 plugins.
Native extension for WindowsStandalone target not found
Mono: successfully reloaded assembly
- Finished resetting the current domain, in  0.581 seconds
Domain Reload Profiling: 833ms
	BeginReloadAssembly (96ms)
		ExecutionOrderSort (0ms)
		DisableScriptedObjects (3ms)
		BackupInstance (0ms)
		ReleaseScriptingObjects (0ms)
		CreateAndSetChildDomain (20ms)
	RebuildCommonClasses (18ms)
	RebuildNativeTypeToScriptingClass (6ms)
	initialDomainReloadingComplete (17ms)
	LoadAllAssembliesAndSetupDomain (115ms)
		LoadAssemblies (156ms)
		RebuildTransferFunctionScriptingTraits (0ms)
		AnalyzeDomain (8ms)
			TypeCache.Refresh (4ms)
				TypeCache.ScanAssembly (0ms)
			ScanForSourceGeneratedMonoScriptInfo (0ms)
			ResolveRequiredComponents (3ms)
	FinalizeReload (581ms)
		ReleaseScriptCaches (0ms)
		RebuildScriptCaches (0ms)
		SetupLoadedEditorAssemblies (259ms)
			LogAssemblyErrors (0ms)
			InitializePlatformSupportModulesInManaged (5ms)
			SetLoadedEditorAssemblies (2ms)
			RefreshPlugins (0ms)
			BeforeProcessingInitializeOnLoad (43ms)
			ProcessInitializeOnLoadAttributes (190ms)
			ProcessInitializeOnLoadMethodAttributes (13ms)
			AfterProcessingInitializeOnLoad (6ms)
			EditorAssembliesLoaded (0ms)
		ExecutionOrderSort2 (0ms)
		AwakeInstancesAfterBackupRestoration (5ms)
Refreshing native plugins compatible for Editor in 2.56 ms, found 3 plugins.
Preloading 0 native plugins for Editor in 0.00 ms.
Unloading 3281 Unused Serialized files (Serialized files now loaded: 0)
Unloading 27 unused Assets / (31.8 KB). Loaded Objects now: 3849.
Memory consumption went from 132.1 MB to 132.0 MB.
Total: 1.796500 ms (FindLiveObjects: 0.134300 ms CreateObjectMapping: 0.039800 ms MarkObjects: 1.539700 ms  DeleteObjects: 0.082000 ms)

Prepare: number of updated asset objects reloaded= 0
AssetImportParameters requested are different than current active one (requested -> active):
  custom:container-demuxer-ogg: 62fdf1f143b41e24485cea50d1cbac27 -> 
  custom:video-codec-MediaFoundation-h265: 746d11721c4dcdbdad8f713fa42b33f4 -> 
  custom:video-decoder-ogg-theora: a1e56fd34408186e4bbccfd4996cb3dc -> 
  custom:framework-win-MediaFoundation: 216162199b28c13a410421893ffa2e32 -> 
  custom:CustomObjectIndexerAttribute: 9a22284fe3817be447336de3de66b15e -> 
  custom:container-demuxer-webm: 4f35f7cbe854078d1ac9338744f61a02 -> 
  custom:container-muxer-webm: aa71ff27fc2769a1b78a27578f13a17b -> 
  custom:video-decoder-webm-vp8: 9c59270c3fd7afecdb556c50c9e8de78 -> 
  custom:SearchIndexIgnoredProperties: e643bd26f0fe6173181afceb89e7c659 -> 
  custom:AudioImporter_EditorPlatform: d09bf68614088b80899f8185d706f6e7 -> 
  custom:video-encoder-webm-vp8: eb34c28f22e8b96e1ab97ce403110664 -> 
  custom:audio-decoder-ogg-vorbis: bf7c407c2cedff20999df2af8eb42d56 -> 
  custom:audio-encoder-webm-vorbis: bf7c407c2cedff20999df2af8eb42d56 -> 
========================================================================
Received Prepare
Begin MonoManager ReloadAssembly
- Loaded All Assemblies, in  0.257 seconds
Refreshing native plugins compatible for Editor in 1.97 ms, found 3 plugins.
Native extension for WindowsStandalone target not found
Mono: successfully reloaded assembly
- Finished resetting the current domain, in  0.568 seconds
Domain Reload Profiling: 823ms
	BeginReloadAssembly (96ms)
		ExecutionOrderSort (0ms)
		DisableScriptedObjects (3ms)
		BackupInstance (0ms)
		ReleaseScriptingObjects (0ms)
		CreateAndSetChildDomain (18ms)
	RebuildCommonClasses (19ms)
	RebuildNativeTypeToScriptingClass (6ms)
	initialDomainReloadingComplete (17ms)
	LoadAllAssembliesAndSetupDomain (116ms)
		LoadAssemblies (160ms)
		RebuildTransferFunctionScriptingTraits (0ms)
		AnalyzeDomain (9ms)
			TypeCache.Refresh (4ms)
				TypeCache.ScanAssembly (0ms)
			ScanForSourceGeneratedMonoScriptInfo (0ms)
			ResolveRequiredComponents (3ms)
	FinalizeReload (568ms)
		ReleaseScriptCaches (0ms)
		RebuildScriptCaches (0ms)
		SetupLoadedEditorAssemblies (247ms)
			LogAssemblyErrors (0ms)
			InitializePlatformSupportModulesInManaged (4ms)
			SetLoadedEditorAssemblies (2ms)
			RefreshPlugins (0ms)
			BeforeProcessingInitializeOnLoad (38ms)
			ProcessInitializeOnLoadAttributes (184ms)
			ProcessInitializeOnLoadMethodAttributes (13ms)
			AfterProcessingInitializeOnLoad (5ms)
			EditorAssembliesLoaded (0ms)
		ExecutionOrderSort2 (0ms)
		AwakeInstancesAfterBackupRestoration (5ms)
Refreshing native plugins compatible for Editor in 2.37 ms, found 3 plugins.
Preloading 0 native plugins for Editor in 0.00 ms.
Unloading 3282 Unused Serialized files (Serialized files now loaded: 0)
Unloading 26 unused Assets / (31.6 KB). Loaded Objects now: 3852.
Memory consumption went from 132.3 MB to 132.3 MB.
Total: 1.921500 ms (FindLiveObjects: 0.140900 ms CreateObjectMapping: 0.077700 ms MarkObjects: 1.668400 ms  DeleteObjects: 0.033800 ms)

Prepare: number of updated asset objects reloaded= 0
AssetImportParameters requested are different than current active one (requested -> active):
  custom:container-demuxer-ogg: 62fdf1f143b41e24485cea50d1cbac27 -> 
  custom:video-codec-MediaFoundation-h265: 746d11721c4dcdbdad8f713fa42b33f4 -> 
  custom:video-decoder-ogg-theora: a1e56fd34408186e4bbccfd4996cb3dc -> 
  custom:framework-win-MediaFoundation: 216162199b28c13a410421893ffa2e32 -> 
  custom:CustomObjectIndexerAttribute: 9a22284fe3817be447336de3de66b15e -> 
  custom:container-demuxer-webm: 4f35f7cbe854078d1ac9338744f61a02 -> 
  custom:container-muxer-webm: aa71ff27fc2769a1b78a27578f13a17b -> 
  custom:video-decoder-webm-vp8: 9c59270c3fd7afecdb556c50c9e8de78 -> 
  custom:SearchIndexIgnoredProperties: e643bd26f0fe6173181afceb89e7c659 -> 
  custom:AudioImporter_EditorPlatform: d09bf68614088b80899f8185d706f6e7 -> 
  custom:video-encoder-webm-vp8: eb34c28f22e8b96e1ab97ce403110664 -> 
  custom:audio-decoder-ogg-vorbis: bf7c407c2cedff20999df2af8eb42d56 -> 
  custom:audio-encoder-webm-vorbis: bf7c407c2cedff20999df2af8eb42d56 -> 
========================================================================
Received Prepare
Begin MonoManager ReloadAssembly
- Loaded All Assemblies, in  0.254 seconds
Refreshing native plugins compatible for Editor in 2.16 ms, found 3 plugins.
Native extension for WindowsStandalone target not found
Mono: successfully reloaded assembly
- Finished resetting the current domain, in  0.518 seconds
Domain Reload Profiling: 771ms
	BeginReloadAssembly (92ms)
		ExecutionOrderSort (0ms)
		DisableScriptedObjects (3ms)
		BackupInstance (0ms)
		ReleaseScriptingObjects (0ms)
		CreateAndSetChildDomain (17ms)
	RebuildCommonClasses (18ms)
	RebuildNativeTypeToScriptingClass (6ms)
	initialDomainReloadingComplete (17ms)
	LoadAllAssembliesAndSetupDomain (121ms)
		LoadAssemblies (157ms)
		RebuildTransferFunctionScriptingTraits (0ms)
		AnalyzeDomain (14ms)
			TypeCache.Refresh (5ms)
				TypeCache.ScanAssembly (1ms)
			ScanForSourceGeneratedMonoScriptInfo (4ms)
			ResolveRequiredComponents (3ms)
	FinalizeReload (518ms)
		ReleaseScriptCaches (0ms)
		RebuildScriptCaches (0ms)
		SetupLoadedEditorAssemblies (223ms)
			LogAssemblyErrors (0ms)
			InitializePlatformSupportModulesInManaged (4ms)
			SetLoadedEditorAssemblies (2ms)
			RefreshPlugins (0ms)
			BeforeProcessingInitializeOnLoad (34ms)
			ProcessInitializeOnLoadAttributes (167ms)
			ProcessInitializeOnLoadMethodAttributes (11ms)
			AfterProcessingInitializeOnLoad (4ms)
			EditorAssembliesLoaded (0ms)
		ExecutionOrderSort2 (0ms)
		AwakeInstancesAfterBackupRestoration (5ms)
Refreshing native plugins compatible for Editor in 1.90 ms, found 3 plugins.
Preloading 0 native plugins for Editor in 0.00 ms.
Unloading 3285 Unused Serialized files (Serialized files now loaded: 0)
Unloading 26 unused Assets / (31.8 KB). Loaded Objects now: 3858.
Memory consumption went from 132.4 MB to 132.4 MB.
Total: 1.632000 ms (FindLiveObjects: 0.135600 ms CreateObjectMapping: 0.044800 ms MarkObjects: 1.422200 ms  DeleteObjects: 0.029000 ms)

Prepare: number of updated asset objects reloaded= 0
AssetImportParameters requested are different than current active one (requested -> active):
  custom:container-demuxer-ogg: 62fdf1f143b41e24485cea50d1cbac27 -> 
  custom:video-codec-MediaFoundation-h265: 746d11721c4dcdbdad8f713fa42b33f4 -> 
  custom:video-decoder-ogg-theora: a1e56fd34408186e4bbccfd4996cb3dc -> 
  custom:framework-win-MediaFoundation: 216162199b28c13a410421893ffa2e32 -> 
  custom:CustomObjectIndexerAttribute: 9a22284fe3817be447336de3de66b15e -> 
  custom:container-demuxer-webm: 4f35f7cbe854078d1ac9338744f61a02 -> 
  custom:container-muxer-webm: aa71ff27fc2769a1b78a27578f13a17b -> 
  custom:video-decoder-webm-vp8: 9c59270c3fd7afecdb556c50c9e8de78 -> 
  custom:SearchIndexIgnoredProperties: e643bd26f0fe6173181afceb89e7c659 -> 
  custom:AudioImporter_EditorPlatform: d09bf68614088b80899f8185d706f6e7 -> 
  custom:video-encoder-webm-vp8: eb34c28f22e8b96e1ab97ce403110664 -> 
  custom:audio-decoder-ogg-vorbis: bf7c407c2cedff20999df2af8eb42d56 -> 
  custom:audio-encoder-webm-vorbis: bf7c407c2cedff20999df2af8eb42d56 -> 
========================================================================
Received Import Request.
  Time since last request: 299.483311 seconds.
  path: Assets/Orkassasin/Animation/Materials/handsarmormat.mat
  artifactKey: Guid(303f7df8a51a85748a11bc7a907a5f0f) Importer(815301076,1909f56bfc062723c751e8b465ee728b)
Start importing Assets/Orkassasin/Animation/Materials/handsarmormat.mat using Guid(303f7df8a51a85748a11bc7a907a5f0f) Importer(815301076,1909f56bfc062723c751e8b465ee728b)  -> (artifact id: 'bf5424b6e77561ad6fdaff9fe066271f') in 0.052596 seconds
Number of updated asset objects reloaded before import = 0
Number of asset objects unloaded after import = 1
========================================================================
Received Import Request.
  Time since last request: 0.000009 seconds.
  path: Assets/Orkassasin/Animation/Materials/leggsmat.mat
  artifactKey: Guid(5764b1428285a5447b6301cb6251f95f) Importer(815301076,1909f56bfc062723c751e8b465ee728b)
Start importing Assets/Orkassasin/Animation/Materials/leggsmat.mat using Guid(5764b1428285a5447b6301cb6251f95f) Importer(815301076,1909f56bfc062723c751e8b465ee728b)  -> (artifact id: '9d47d2de36bf736eeb0ce136f7bbea1a') in 0.011843 seconds
Number of updated asset objects reloaded before import = 0
Number of asset objects unloaded after import = 1
========================================================================
Received Import Request.
  Time since last request: 0.000010 seconds.
  path: Assets/Orkassasin/Animation/Materials/lambert2.mat
  artifactKey: Guid(29a2beac0ab4f8349bd15993a8ac01f2) Importer(815301076,1909f56bfc062723c751e8b465ee728b)
Start importing Assets/Orkassasin/Animation/Materials/lambert2.mat using Guid(29a2beac0ab4f8349bd15993a8ac01f2) Importer(815301076,1909f56bfc062723c751e8b465ee728b)  -> (artifact id: '23ea08a9db54fef52e2fdd3b514f6af2') in 0.012060 seconds
Number of updated asset objects reloaded before import = 0
Number of asset objects unloaded after import = 1
========================================================================
Received Import Request.
  Time since last request: 0.000010 seconds.
  path: Assets/Orkassasin/Animation/Materials/headmat.mat
  artifactKey: Guid(5fdc3b3ab5af76c4d8e16fb69d57f86f) Importer(815301076,1909f56bfc062723c751e8b465ee728b)
Start importing Assets/Orkassasin/Animation/Materials/headmat.mat using Guid(5fdc3b3ab5af76c4d8e16fb69d57f86f) Importer(815301076,1909f56bfc062723c751e8b465ee728b)  -> (artifact id: '0d98b50732ff44f76f46ee560a9b972b') in 0.012622 seconds
Number of updated asset objects reloaded before import = 0
Number of asset objects unloaded after import = 1
========================================================================
Received Import Request.
  Time since last request: 0.000010 seconds.
  path: Assets/Orkassasin/Animation/Materials/phong12.mat
  artifactKey: Guid(2950e62e70ad7214891e3d8306401374) Importer(815301076,1909f56bfc062723c751e8b465ee728b)
Start importing Assets/Orkassasin/Animation/Materials/phong12.mat using Guid(2950e62e70ad7214891e3d8306401374) Importer(815301076,1909f56bfc062723c751e8b465ee728b)  -> (artifact id: 'b435cc6550a32a0dd1d51a38d18d43e8') in 0.024088 seconds
Number of updated asset objects reloaded before import = 0
Number of asset objects unloaded after import = 1
========================================================================
Received Import Request.
  Time since last request: 10.962465 seconds.
  path: Assets/Materials/Tiles090 1.mat
  artifactKey: Guid(3a1063b2b4967e445b18f82000e14c59) Importer(815301076,1909f56bfc062723c751e8b465ee728b)
Start importing Assets/Materials/Tiles090 1.mat using Guid(3a1063b2b4967e445b18f82000e14c59) Importer(815301076,1909f56bfc062723c751e8b465ee728b)  -> (artifact id: 'b7acf92985bf1d4ada53a186bac971cb') in 0.012951 seconds
Number of updated asset objects reloaded before import = 0
Number of asset objects unloaded after import = 1
========================================================================
Received Import Request.
  Time since last request: 0.000009 seconds.
  path: Assets/Materials/Tiles090 3.mat
  artifactKey: Guid(e22b7906ce2f54f4b8ac232f2bf78efb) Importer(815301076,1909f56bfc062723c751e8b465ee728b)
Start importing Assets/Materials/Tiles090 3.mat using Guid(e22b7906ce2f54f4b8ac232f2bf78efb) Importer(815301076,1909f56bfc062723c751e8b465ee728b)  -> (artifact id: 'b4a874c5fdef1947b232670d9c8be9b4') in 0.010802 seconds
Number of updated asset objects reloaded before import = 0
Number of asset objects unloaded after import = 1
========================================================================
Received Import Request.
  Time since last request: 13.408402 seconds.
  path: Assets/Abiogenesis3d/Campfire/Prefabs/Fire.prefab
  artifactKey: Guid(31aceaa67b944d9468443321f7abca88) Importer(815301076,1909f56bfc062723c751e8b465ee728b)
Start importing Assets/Abiogenesis3d/Campfire/Prefabs/Fire.prefab using Guid(31aceaa67b944d9468443321f7abca88) Importer(815301076,1909f56bfc062723c751e8b465ee728b)  -> (artifact id: '4ddb1b09557d689dc5a206af59480c08') in 0.066881 seconds
Number of updated asset objects reloaded before import = 0
Number of asset objects unloaded after import = 8
========================================================================
Received Prepare
Begin MonoManager ReloadAssembly
- Loaded All Assemblies, in  0.262 seconds
Refreshing native plugins compatible for Editor in 2.11 ms, found 3 plugins.
Native extension for WindowsStandalone target not found
Mono: successfully reloaded assembly
- Finished resetting the current domain, in  0.545 seconds
Domain Reload Profiling: 805ms
	BeginReloadAssembly (99ms)
		ExecutionOrderSort (0ms)
		DisableScriptedObjects (2ms)
		BackupInstance (0ms)
		ReleaseScriptingObjects (0ms)
		CreateAndSetChildDomain (25ms)
	RebuildCommonClasses (17ms)
	RebuildNativeTypeToScriptingClass (6ms)
	initialDomainReloadingComplete (17ms)
	LoadAllAssembliesAndSetupDomain (120ms)
		LoadAssemblies (161ms)
		RebuildTransferFunctionScriptingTraits (0ms)
		AnalyzeDomain (9ms)
			TypeCache.Refresh (4ms)
				TypeCache.ScanAssembly (0ms)
			ScanForSourceGeneratedMonoScriptInfo (0ms)
			ResolveRequiredComponents (3ms)
	FinalizeReload (545ms)
		ReleaseScriptCaches (0ms)
		RebuildScriptCaches (0ms)
		SetupLoadedEditorAssemblies (241ms)
			LogAssemblyErrors (0ms)
			InitializePlatformSupportModulesInManaged (4ms)
			SetLoadedEditorAssemblies (2ms)
			RefreshPlugins (0ms)
			BeforeProcessingInitializeOnLoad (38ms)
			ProcessInitializeOnLoadAttributes (179ms)
			ProcessInitializeOnLoadMethodAttributes (12ms)
			AfterProcessingInitializeOnLoad (5ms)
			EditorAssembliesLoaded (0ms)
		ExecutionOrderSort2 (0ms)
		AwakeInstancesAfterBackupRestoration (4ms)
Refreshing native plugins compatible for Editor in 2.41 ms, found 3 plugins.
Preloading 0 native plugins for Editor in 0.00 ms.
Unloading 3284 Unused Serialized files (Serialized files now loaded: 0)
Unloading 27 unused Assets / (31.8 KB). Loaded Objects now: 3861.
Memory consumption went from 132.2 MB to 132.1 MB.
Total: 1.789200 ms (FindLiveObjects: 0.142800 ms CreateObjectMapping: 0.040000 ms MarkObjects: 1.547300 ms  DeleteObjects: 0.058600 ms)

Prepare: number of updated asset objects reloaded= 0
AssetImportParameters requested are different than current active one (requested -> active):
  custom:container-demuxer-ogg: 62fdf1f143b41e24485cea50d1cbac27 -> 
  custom:video-codec-MediaFoundation-h265: 746d11721c4dcdbdad8f713fa42b33f4 -> 
  custom:video-decoder-ogg-theora: a1e56fd34408186e4bbccfd4996cb3dc -> 
  custom:framework-win-MediaFoundation: 216162199b28c13a410421893ffa2e32 -> 
  custom:CustomObjectIndexerAttribute: 9a22284fe3817be447336de3de66b15e -> 
  custom:container-demuxer-webm: 4f35f7cbe854078d1ac9338744f61a02 -> 
  custom:container-muxer-webm: aa71ff27fc2769a1b78a27578f13a17b -> 
  custom:video-decoder-webm-vp8: 9c59270c3fd7afecdb556c50c9e8de78 -> 
  custom:SearchIndexIgnoredProperties: e643bd26f0fe6173181afceb89e7c659 -> 
  custom:AudioImporter_EditorPlatform: d09bf68614088b80899f8185d706f6e7 -> 
  custom:video-encoder-webm-vp8: eb34c28f22e8b96e1ab97ce403110664 -> 
  custom:audio-decoder-ogg-vorbis: bf7c407c2cedff20999df2af8eb42d56 -> 
  custom:audio-encoder-webm-vorbis: bf7c407c2cedff20999df2af8eb42d56 -> 
========================================================================
Received Prepare
Begin MonoManager ReloadAssembly
- Loaded All Assemblies, in  1.849 seconds
Refreshing native plugins compatible for Editor in 2.51 ms, found 3 plugins.
Native extension for WindowsStandalone target not found
Mono: successfully reloaded assembly
- Finished resetting the current domain, in 10.991 seconds
Domain Reload Profiling: 12838ms
	BeginReloadAssembly (96ms)
		ExecutionOrderSort (0ms)
		DisableScriptedObjects (3ms)
		BackupInstance (0ms)
		ReleaseScriptingObjects (0ms)
		CreateAndSetChildDomain (19ms)
	RebuildCommonClasses (18ms)
	RebuildNativeTypeToScriptingClass (6ms)
	initialDomainReloadingComplete (20ms)
	LoadAllAssembliesAndSetupDomain (1707ms)
		LoadAssemblies (1748ms)
		RebuildTransferFunctionScriptingTraits (0ms)
		AnalyzeDomain (10ms)
			TypeCache.Refresh (4ms)
				TypeCache.ScanAssembly (0ms)
			ScanForSourceGeneratedMonoScriptInfo (0ms)
			ResolveRequiredComponents (4ms)
	FinalizeReload (10991ms)
		ReleaseScriptCaches (0ms)
		RebuildScriptCaches (0ms)
		SetupLoadedEditorAssemblies (204ms)
			LogAssemblyErrors (0ms)
			InitializePlatformSupportModulesInManaged (3ms)
			SetLoadedEditorAssemblies (2ms)
			RefreshPlugins (0ms)
			BeforeProcessingInitializeOnLoad (33ms)
			ProcessInitializeOnLoadAttributes (151ms)
			ProcessInitializeOnLoadMethodAttributes (10ms)
			AfterProcessingInitializeOnLoad (4ms)
			EditorAssembliesLoaded (0ms)
		ExecutionOrderSort2 (0ms)
		AwakeInstancesAfterBackupRestoration (4ms)
Refreshing native plugins compatible for Editor in 3.09 ms, found 3 plugins.
Preloading 0 native plugins for Editor in 0.00 ms.
Unloading 3285 Unused Serialized files (Serialized files now loaded: 0)
Unloading 26 unused Assets / (31.7 KB). Loaded Objects now: 3864.
Memory consumption went from 132.4 MB to 132.4 MB.
Total: 1.719500 ms (FindLiveObjects: 0.133800 ms CreateObjectMapping: 0.040500 ms MarkObjects: 1.509800 ms  DeleteObjects: 0.034400 ms)

Prepare: number of updated asset objects reloaded= 0
AssetImportParameters requested are different than current active one (requested -> active):
  custom:container-demuxer-ogg: 62fdf1f143b41e24485cea50d1cbac27 -> 
  custom:video-codec-MediaFoundation-h265: 746d11721c4dcdbdad8f713fa42b33f4 -> 
  custom:video-decoder-ogg-theora: a1e56fd34408186e4bbccfd4996cb3dc -> 
  custom:framework-win-MediaFoundation: 216162199b28c13a410421893ffa2e32 -> 
  custom:CustomObjectIndexerAttribute: 9a22284fe3817be447336de3de66b15e -> 
  custom:container-demuxer-webm: 4f35f7cbe854078d1ac9338744f61a02 -> 
  custom:container-muxer-webm: aa71ff27fc2769a1b78a27578f13a17b -> 
  custom:video-decoder-webm-vp8: 9c59270c3fd7afecdb556c50c9e8de78 -> 
  custom:SearchIndexIgnoredProperties: e643bd26f0fe6173181afceb89e7c659 -> 
  custom:AudioImporter_EditorPlatform: d09bf68614088b80899f8185d706f6e7 -> 
  custom:video-encoder-webm-vp8: eb34c28f22e8b96e1ab97ce403110664 -> 
  custom:audio-decoder-ogg-vorbis: bf7c407c2cedff20999df2af8eb42d56 -> 
  custom:audio-encoder-webm-vorbis: bf7c407c2cedff20999df2af8eb42d56 -> 
========================================================================
Received Prepare
Begin MonoManager ReloadAssembly
- Loaded All Assemblies, in  0.259 seconds
Refreshing native plugins compatible for Editor in 2.98 ms, found 3 plugins.
Native extension for WindowsStandalone target not found
Mono: successfully reloaded assembly
- Finished resetting the current domain, in  0.586 seconds
Domain Reload Profiling: 843ms
	BeginReloadAssembly (94ms)
		ExecutionOrderSort (0ms)
		DisableScriptedObjects (3ms)
		BackupInstance (0ms)
		ReleaseScriptingObjects (0ms)
		CreateAndSetChildDomain (16ms)
	RebuildCommonClasses (20ms)
	RebuildNativeTypeToScriptingClass (6ms)
	initialDomainReloadingComplete (18ms)
	LoadAllAssembliesAndSetupDomain (119ms)
		LoadAssemblies (162ms)
		RebuildTransferFunctionScriptingTraits (0ms)
		AnalyzeDomain (9ms)
			TypeCache.Refresh (4ms)
				TypeCache.ScanAssembly (0ms)
			ScanForSourceGeneratedMonoScriptInfo (0ms)
			ResolveRequiredComponents (4ms)
	FinalizeReload (586ms)
		ReleaseScriptCaches (0ms)
		RebuildScriptCaches (0ms)
		SetupLoadedEditorAssemblies (241ms)
			LogAssemblyErrors (0ms)
			InitializePlatformSupportModulesInManaged (5ms)
			SetLoadedEditorAssemblies (2ms)
			RefreshPlugins (0ms)
			BeforeProcessingInitializeOnLoad (39ms)
			ProcessInitializeOnLoadAttributes (177ms)
			ProcessInitializeOnLoadMethodAttributes (13ms)
			AfterProcessingInitializeOnLoad (5ms)
			EditorAssembliesLoaded (0ms)
		ExecutionOrderSort2 (0ms)
		AwakeInstancesAfterBackupRestoration (5ms)
Refreshing native plugins compatible for Editor in 2.54 ms, found 3 plugins.
Preloading 0 native plugins for Editor in 0.00 ms.
Unloading 3285 Unused Serialized files (Serialized files now loaded: 0)
Unloading 26 unused Assets / (31.8 KB). Loaded Objects now: 3867.
Memory consumption went from 132.4 MB to 132.4 MB.
Total: 1.759100 ms (FindLiveObjects: 0.143100 ms CreateObjectMapping: 0.042300 ms MarkObjects: 1.542800 ms  DeleteObjects: 0.030500 ms)

Prepare: number of updated asset objects reloaded= 0
AssetImportParameters requested are different than current active one (requested -> active):
  custom:container-demuxer-ogg: 62fdf1f143b41e24485cea50d1cbac27 -> 
  custom:video-codec-MediaFoundation-h265: 746d11721c4dcdbdad8f713fa42b33f4 -> 
  custom:video-decoder-ogg-theora: a1e56fd34408186e4bbccfd4996cb3dc -> 
  custom:framework-win-MediaFoundation: 216162199b28c13a410421893ffa2e32 -> 
  custom:CustomObjectIndexerAttribute: 9a22284fe3817be447336de3de66b15e -> 
  custom:container-demuxer-webm: 4f35f7cbe854078d1ac9338744f61a02 -> 
  custom:container-muxer-webm: aa71ff27fc2769a1b78a27578f13a17b -> 
  custom:video-decoder-webm-vp8: 9c59270c3fd7afecdb556c50c9e8de78 -> 
  custom:SearchIndexIgnoredProperties: e643bd26f0fe6173181afceb89e7c659 -> 
  custom:AudioImporter_EditorPlatform: d09bf68614088b80899f8185d706f6e7 -> 
  custom:video-encoder-webm-vp8: eb34c28f22e8b96e1ab97ce403110664 -> 
  custom:audio-decoder-ogg-vorbis: bf7c407c2cedff20999df2af8eb42d56 -> 
  custom:audio-encoder-webm-vorbis: bf7c407c2cedff20999df2af8eb42d56 -> 
========================================================================
Received Prepare
Begin MonoManager ReloadAssembly
- Loaded All Assemblies, in  0.254 seconds
Refreshing native plugins compatible for Editor in 2.40 ms, found 3 plugins.
Native extension for WindowsStandalone target not found
Mono: successfully reloaded assembly
- Finished resetting the current domain, in  0.512 seconds
Domain Reload Profiling: 765ms
	BeginReloadAssembly (92ms)
		ExecutionOrderSort (0ms)
		DisableScriptedObjects (3ms)
		BackupInstance (0ms)
		ReleaseScriptingObjects (0ms)
		CreateAndSetChildDomain (17ms)
	RebuildCommonClasses (18ms)
	RebuildNativeTypeToScriptingClass (6ms)
	initialDomainReloadingComplete (19ms)
	LoadAllAssembliesAndSetupDomain (117ms)
		LoadAssemblies (156ms)
		RebuildTransferFunctionScriptingTraits (0ms)
		AnalyzeDomain (9ms)
			TypeCache.Refresh (4ms)
				TypeCache.ScanAssembly (0ms)
			ScanForSourceGeneratedMonoScriptInfo (0ms)
			ResolveRequiredComponents (3ms)
	FinalizeReload (512ms)
		ReleaseScriptCaches (0ms)
		RebuildScriptCaches (0ms)
		SetupLoadedEditorAssemblies (223ms)
			LogAssemblyErrors (0ms)
			InitializePlatformSupportModulesInManaged (4ms)
			SetLoadedEditorAssemblies (2ms)
			RefreshPlugins (0ms)
			BeforeProcessingInitializeOnLoad (35ms)
			ProcessInitializeOnLoadAttributes (163ms)
			ProcessInitializeOnLoadMethodAttributes (13ms)
			AfterProcessingInitializeOnLoad (5ms)
			EditorAssembliesLoaded (0ms)
		ExecutionOrderSort2 (0ms)
		AwakeInstancesAfterBackupRestoration (5ms)
Refreshing native plugins compatible for Editor in 2.68 ms, found 3 plugins.
Preloading 0 native plugins for Editor in 0.00 ms.
Unloading 3285 Unused Serialized files (Serialized files now loaded: 0)
Unloading 26 unused Assets / (31.8 KB). Loaded Objects now: 3870.
Memory consumption went from 132.4 MB to 132.4 MB.
Total: 1.759300 ms (FindLiveObjects: 0.140000 ms CreateObjectMapping: 0.040300 ms MarkObjects: 1.548500 ms  DeleteObjects: 0.029900 ms)

Prepare: number of updated asset objects reloaded= 0
AssetImportParameters requested are different than current active one (requested -> active):
  custom:container-demuxer-ogg: 62fdf1f143b41e24485cea50d1cbac27 -> 
  custom:video-codec-MediaFoundation-h265: 746d11721c4dcdbdad8f713fa42b33f4 -> 
  custom:video-decoder-ogg-theora: a1e56fd34408186e4bbccfd4996cb3dc -> 
  custom:framework-win-MediaFoundation: 216162199b28c13a410421893ffa2e32 -> 
  custom:CustomObjectIndexerAttribute: 9a22284fe3817be447336de3de66b15e -> 
  custom:container-demuxer-webm: 4f35f7cbe854078d1ac9338744f61a02 -> 
  custom:container-muxer-webm: aa71ff27fc2769a1b78a27578f13a17b -> 
  custom:video-decoder-webm-vp8: 9c59270c3fd7afecdb556c50c9e8de78 -> 
  custom:SearchIndexIgnoredProperties: e643bd26f0fe6173181afceb89e7c659 -> 
  custom:AudioImporter_EditorPlatform: d09bf68614088b80899f8185d706f6e7 -> 
  custom:video-encoder-webm-vp8: eb34c28f22e8b96e1ab97ce403110664 -> 
  custom:audio-decoder-ogg-vorbis: bf7c407c2cedff20999df2af8eb42d56 -> 
  custom:audio-encoder-webm-vorbis: bf7c407c2cedff20999df2af8eb42d56 -> 
========================================================================
Received Prepare
Begin MonoManager ReloadAssembly
- Loaded All Assemblies, in  0.257 seconds
Refreshing native plugins compatible for Editor in 2.38 ms, found 3 plugins.
Native extension for WindowsStandalone target not found
Mono: successfully reloaded assembly
- Finished resetting the current domain, in  0.519 seconds
Domain Reload Profiling: 774ms
	BeginReloadAssembly (89ms)
		ExecutionOrderSort (0ms)
		DisableScriptedObjects (4ms)
		BackupInstance (0ms)
		ReleaseScriptingObjects (0ms)
		CreateAndSetChildDomain (16ms)
	RebuildCommonClasses (20ms)
	RebuildNativeTypeToScriptingClass (7ms)
	initialDomainReloadingComplete (18ms)
	LoadAllAssembliesAndSetupDomain (121ms)
		LoadAssemblies (160ms)
		RebuildTransferFunctionScriptingTraits (0ms)
		AnalyzeDomain (9ms)
			TypeCache.Refresh (4ms)
				TypeCache.ScanAssembly (0ms)
			ScanForSourceGeneratedMonoScriptInfo (0ms)
			ResolveRequiredComponents (3ms)
	FinalizeReload (519ms)
		ReleaseScriptCaches (0ms)
		RebuildScriptCaches (0ms)
		SetupLoadedEditorAssemblies (228ms)
			LogAssemblyErrors (0ms)
			InitializePlatformSupportModulesInManaged (4ms)
			SetLoadedEditorAssemblies (2ms)
			RefreshPlugins (0ms)
			BeforeProcessingInitializeOnLoad (36ms)
			ProcessInitializeOnLoadAttributes (169ms)
			ProcessInitializeOnLoadMethodAttributes (12ms)
			AfterProcessingInitializeOnLoad (5ms)
			EditorAssembliesLoaded (0ms)
		ExecutionOrderSort2 (0ms)
		AwakeInstancesAfterBackupRestoration (5ms)
Refreshing native plugins compatible for Editor in 2.53 ms, found 3 plugins.
Preloading 0 native plugins for Editor in 0.00 ms.
Unloading 3285 Unused Serialized files (Serialized files now loaded: 0)
Unloading 26 unused Assets / (31.8 KB). Loaded Objects now: 3873.
Memory consumption went from 132.4 MB to 132.4 MB.
Total: 1.730500 ms (FindLiveObjects: 0.138100 ms CreateObjectMapping: 0.040500 ms MarkObjects: 1.520600 ms  DeleteObjects: 0.030600 ms)

Prepare: number of updated asset objects reloaded= 0
AssetImportParameters requested are different than current active one (requested -> active):
  custom:container-demuxer-ogg: 62fdf1f143b41e24485cea50d1cbac27 -> 
  custom:video-codec-MediaFoundation-h265: 746d11721c4dcdbdad8f713fa42b33f4 -> 
  custom:video-decoder-ogg-theora: a1e56fd34408186e4bbccfd4996cb3dc -> 
  custom:framework-win-MediaFoundation: 216162199b28c13a410421893ffa2e32 -> 
  custom:CustomObjectIndexerAttribute: 9a22284fe3817be447336de3de66b15e -> 
  custom:container-demuxer-webm: 4f35f7cbe854078d1ac9338744f61a02 -> 
  custom:container-muxer-webm: aa71ff27fc2769a1b78a27578f13a17b -> 
  custom:video-decoder-webm-vp8: 9c59270c3fd7afecdb556c50c9e8de78 -> 
  custom:SearchIndexIgnoredProperties: e643bd26f0fe6173181afceb89e7c659 -> 
  custom:AudioImporter_EditorPlatform: d09bf68614088b80899f8185d706f6e7 -> 
  custom:video-encoder-webm-vp8: eb34c28f22e8b96e1ab97ce403110664 -> 
  custom:audio-decoder-ogg-vorbis: bf7c407c2cedff20999df2af8eb42d56 -> 
  custom:audio-encoder-webm-vorbis: bf7c407c2cedff20999df2af8eb42d56 -> 
========================================================================
Received Import Request.
  Time since last request: 596.567348 seconds.
  path: Assets/Hyper casual cartoon castles/Material/ShowCaseGrass.mat
  artifactKey: Guid(ed324aeac5236734eb99adbbe5924063) Importer(815301076,1909f56bfc062723c751e8b465ee728b)
Start importing Assets/Hyper casual cartoon castles/Material/ShowCaseGrass.mat using Guid(ed324aeac5236734eb99adbbe5924063) Importer(815301076,1909f56bfc062723c751e8b465ee728b)  -> (artifact id: '60e9267e6121bc8448c1cd5400f2b4b4') in 0.058564 seconds
Number of updated asset objects reloaded before import = 0
Number of asset objects unloaded after import = 1
========================================================================
Received Import Request.
  Time since last request: 3.791253 seconds.
  path: Assets/Hyper casual cartoon castles/Models/Castles/BigCstle/CS_Big_Castle_Stage02.fbx
  artifactKey: Guid(28aa71f2bf1e7484daadd55edf836046) Importer(815301076,1909f56bfc062723c751e8b465ee728b)
Start importing Assets/Hyper casual cartoon castles/Models/Castles/BigCstle/CS_Big_Castle_Stage02.fbx using Guid(28aa71f2bf1e7484daadd55edf836046) Importer(815301076,1909f56bfc062723c751e8b465ee728b)  -> (artifact id: 'c58586162578ddd553a86be9b9708aa2') in 0.032127 seconds
Number of updated asset objects reloaded before import = 0
Number of asset objects unloaded after import = 9
========================================================================
Received Import Request.
  Time since last request: 0.000009 seconds.
  path: Assets/Hyper casual cartoon castles/Models/Castles/BigCstle/CS_Big_Castle_Stage03.fbx
  artifactKey: Guid(1ca0b06502260534083f6753985a7539) Importer(815301076,1909f56bfc062723c751e8b465ee728b)
Start importing Assets/Hyper casual cartoon castles/Models/Castles/BigCstle/CS_Big_Castle_Stage03.fbx using Guid(1ca0b06502260534083f6753985a7539) Importer(815301076,1909f56bfc062723c751e8b465ee728b)  -> (artifact id: '815856998b9f672253e9688a32fff863') in 0.021622 seconds
Number of updated asset objects reloaded before import = 0
Number of asset objects unloaded after import = 9
========================================================================
Received Import Request.
  Time since last request: 10.095399 seconds.
  path: Assets/Hyper casual cartoon castles/Models/Castles/EvilCastle/CS_Evil_Castle_Stage02.fbx
  artifactKey: Guid(6f24d7587cd123d4dbfa3cb3388765e8) Importer(815301076,1909f56bfc062723c751e8b465ee728b)
Start importing Assets/Hyper casual cartoon castles/Models/Castles/EvilCastle/CS_Evil_Castle_Stage02.fbx using Guid(6f24d7587cd123d4dbfa3cb3388765e8) Importer(815301076,1909f56bfc062723c751e8b465ee728b)  -> (artifact id: '5b5d379090b83ddd6d464de57a880288') in 0.018788 seconds
Number of updated asset objects reloaded before import = 0
Number of asset objects unloaded after import = 9
========================================================================
Received Import Request.
  Time since last request: 3.783149 seconds.
  path: Assets/Hyper casual cartoon castles/Models/Castles/HexagonCastle/CS_Hexagon_Castle_Stage02.fbx
  artifactKey: Guid(306d47c373eec6b4ca568a5f4f856327) Importer(815301076,1909f56bfc062723c751e8b465ee728b)
Start importing Assets/Hyper casual cartoon castles/Models/Castles/HexagonCastle/CS_Hexagon_Castle_Stage02.fbx using Guid(306d47c373eec6b4ca568a5f4f856327) Importer(815301076,1909f56bfc062723c751e8b465ee728b)  -> (artifact id: 'b04692566c2c2294d97ae747be2c0d90') in 0.041788 seconds
Number of updated asset objects reloaded before import = 0
Number of asset objects unloaded after import = 9
========================================================================
Received Import Request.
  Time since last request: 3.788397 seconds.
  path: Assets/Hyper casual cartoon castles/Models/Castles/SmallCastle/CS_Small_Castle_Stage02.fbx
  artifactKey: Guid(f27ef226369d4f045a24f745e1cf599d) Importer(815301076,1909f56bfc062723c751e8b465ee728b)
Start importing Assets/Hyper casual cartoon castles/Models/Castles/SmallCastle/CS_Small_Castle_Stage02.fbx using Guid(f27ef226369d4f045a24f745e1cf599d) Importer(815301076,1909f56bfc062723c751e8b465ee728b)  -> (artifact id: '2c36dfdce0ca7a1a94ab4bd22c555921') in 0.026398 seconds
Number of updated asset objects reloaded before import = 0
Number of asset objects unloaded after import = 9
========================================================================
Received Import Request.
  Time since last request: 0.000012 seconds.
  path: Assets/Hyper casual cartoon castles/Models/Castles/SmallCastle/CS_Small_Castle_Stage03.fbx
  artifactKey: Guid(a6eb5087beff5924ab4e61f470194742) Importer(815301076,1909f56bfc062723c751e8b465ee728b)
Start importing Assets/Hyper casual cartoon castles/Models/Castles/SmallCastle/CS_Small_Castle_Stage03.fbx using Guid(a6eb5087beff5924ab4e61f470194742) Importer(815301076,1909f56bfc062723c751e8b465ee728b)  -> (artifact id: '4c24750ed559c64d0999c4252a66ddcf') in 0.017551 seconds
Number of updated asset objects reloaded before import = 0
Number of asset objects unloaded after import = 9
========================================================================
Received Import Request.
  Time since last request: 25.247751 seconds.
  path: Assets/Hyper casual cartoon castles/Prefab/Castles/SmallCastle/CS_Small_Castle_Stage02 Variant.prefab
  artifactKey: Guid(213b48a1a7aa21e4790c2a07fd024b58) Importer(815301076,1909f56bfc062723c751e8b465ee728b)
Start importing Assets/Hyper casual cartoon castles/Prefab/Castles/SmallCastle/CS_Small_Castle_Stage02 Variant.prefab using Guid(213b48a1a7aa21e4790c2a07fd024b58) Importer(815301076,1909f56bfc062723c751e8b465ee728b)  -> (artifact id: '083f559d30a54818be025aad4eb9c2f3') in 0.013463 seconds
Number of updated asset objects reloaded before import = 0
Number of asset objects unloaded after import = 17
========================================================================
Received Import Request.
  Time since last request: 150.956755 seconds.
  path: Assets/Hyper casual cartoon castles/Prefab/Objects/CS_Blue_Block Variant.prefab
  artifactKey: Guid(3b0c8bd87bb870947b3353a993525734) Importer(815301076,1909f56bfc062723c751e8b465ee728b)
Start importing Assets/Hyper casual cartoon castles/Prefab/Objects/CS_Blue_Block Variant.prefab using Guid(3b0c8bd87bb870947b3353a993525734) Importer(815301076,1909f56bfc062723c751e8b465ee728b)  -> (artifact id: 'd0b4883e662076502fe98d8481fcc382') in 0.018541 seconds
Number of updated asset objects reloaded before import = 0
Number of asset objects unloaded after import = 17
========================================================================
Received Import Request.
  Time since last request: 0.000012 seconds.
  path: Assets/Hyper casual cartoon castles/Prefab/Objects/CS_Red_Block Variant.prefab
  artifactKey: Guid(8be11561fd66c6c4d804e6d819608ca3) Importer(815301076,1909f56bfc062723c751e8b465ee728b)
Start importing Assets/Hyper casual cartoon castles/Prefab/Objects/CS_Red_Block Variant.prefab using Guid(8be11561fd66c6c4d804e6d819608ca3) Importer(815301076,1909f56bfc062723c751e8b465ee728b)  -> (artifact id: '0e4daa0b35bd35b70d804cba4a536030') in 0.018447 seconds
Number of updated asset objects reloaded before import = 0
Number of asset objects unloaded after import = 17
========================================================================
Received Import Request.
  Time since last request: 0.000012 seconds.
  path: Assets/Hyper casual cartoon castles/Prefab/Objects/CS_YellowFlower Variant.prefab
  artifactKey: Guid(59d9d77555afe2e41a9984569ffa4bb0) Importer(815301076,1909f56bfc062723c751e8b465ee728b)
Start importing Assets/Hyper casual cartoon castles/Prefab/Objects/CS_YellowFlower Variant.prefab using Guid(59d9d77555afe2e41a9984569ffa4bb0) Importer(815301076,1909f56bfc062723c751e8b465ee728b)  -> (artifact id: '42ea3b76efe383f022b6d61926052961') in 0.031796 seconds
Number of updated asset objects reloaded before import = 0
Number of asset objects unloaded after import = 17
========================================================================
Received Import Request.
  Time since last request: 0.000011 seconds.
  path: Assets/Hyper casual cartoon castles/Prefab/Objects/CS_Rock Variant.prefab
  artifactKey: Guid(518a26c4529df7d4a9177a96529efd61) Importer(815301076,1909f56bfc062723c751e8b465ee728b)
Start importing Assets/Hyper casual cartoon castles/Prefab/Objects/CS_Rock Variant.prefab using Guid(518a26c4529df7d4a9177a96529efd61) Importer(815301076,1909f56bfc062723c751e8b465ee728b)  -> (artifact id: 'ac65e68b23ca53404d0c73196db79e57') in 0.012246 seconds
Number of updated asset objects reloaded before import = 0
Number of asset objects unloaded after import = 14
========================================================================
Received Import Request.
  Time since last request: 0.000011 seconds.
  path: Assets/Hyper casual cartoon castles/Prefab/Objects/CS_Fountain Variant.prefab
  artifactKey: Guid(5471d065044113c4b99d883eb0e99145) Importer(815301076,1909f56bfc062723c751e8b465ee728b)
Start importing Assets/Hyper casual cartoon castles/Prefab/Objects/CS_Fountain Variant.prefab using Guid(5471d065044113c4b99d883eb0e99145) Importer(815301076,1909f56bfc062723c751e8b465ee728b)  -> (artifact id: '61d2ac038f601efdf9194d32eb28e5b4') in 0.012570 seconds
Number of updated asset objects reloaded before import = 0
Number of asset objects unloaded after import = 17
========================================================================
Received Import Request.
  Time since last request: 11.633968 seconds.
  path: Assets/Hyper casual cartoon castles/Prefab/RoadConstructor/CS_Road_end Variant.prefab
  artifactKey: Guid(469d49deabc630f469048fe157e79e95) Importer(815301076,1909f56bfc062723c751e8b465ee728b)
Start importing Assets/Hyper casual cartoon castles/Prefab/RoadConstructor/CS_Road_end Variant.prefab using Guid(469d49deabc630f469048fe157e79e95) Importer(815301076,1909f56bfc062723c751e8b465ee728b)  -> (artifact id: 'ad501b6bd5d5643cc75dfaa35dcaf0d2') in 0.020007 seconds
Number of updated asset objects reloaded before import = 0
Number of asset objects unloaded after import = 17
========================================================================
Received Import Request.
  Time since last request: 0.000012 seconds.
  path: Assets/Hyper casual cartoon castles/Prefab/RoadConstructor/CS_Road_Turn Variant.prefab
  artifactKey: Guid(0329016c51381e740a614af8f07a88d6) Importer(815301076,1909f56bfc062723c751e8b465ee728b)
Start importing Assets/Hyper casual cartoon castles/Prefab/RoadConstructor/CS_Road_Turn Variant.prefab using Guid(0329016c51381e740a614af8f07a88d6) Importer(815301076,1909f56bfc062723c751e8b465ee728b)  -> (artifact id: '82ebbab15d44d4028b39d9c67cb56b38') in 0.017323 seconds
Number of updated asset objects reloaded before import = 0
Number of asset objects unloaded after import = 17
========================================================================
Received Prepare
Begin MonoManager ReloadAssembly
- Loaded All Assemblies, in  0.258 seconds
Refreshing native plugins compatible for Editor in 2.64 ms, found 3 plugins.
Native extension for WindowsStandalone target not found
Mono: successfully reloaded assembly
- Finished resetting the current domain, in  0.581 seconds
Domain Reload Profiling: 837ms
	BeginReloadAssembly (96ms)
		ExecutionOrderSort (0ms)
		DisableScriptedObjects (2ms)
		BackupInstance (0ms)
		ReleaseScriptingObjects (0ms)
		CreateAndSetChildDomain (21ms)
	RebuildCommonClasses (17ms)
	RebuildNativeTypeToScriptingClass (5ms)
	initialDomainReloadingComplete (17ms)
	LoadAllAssembliesAndSetupDomain (120ms)
		LoadAssemblies (162ms)
		RebuildTransferFunctionScriptingTraits (0ms)
		AnalyzeDomain (9ms)
			TypeCache.Refresh (4ms)
				TypeCache.ScanAssembly (0ms)
			ScanForSourceGeneratedMonoScriptInfo (0ms)
			ResolveRequiredComponents (3ms)
	FinalizeReload (581ms)
		ReleaseScriptCaches (0ms)
		RebuildScriptCaches (0ms)
		SetupLoadedEditorAssemblies (227ms)
			LogAssemblyErrors (0ms)
			InitializePlatformSupportModulesInManaged (4ms)
			SetLoadedEditorAssemblies (2ms)
			RefreshPlugins (0ms)
			BeforeProcessingInitializeOnLoad (36ms)
			ProcessInitializeOnLoadAttributes (169ms)
			ProcessInitializeOnLoadMethodAttributes (12ms)
			AfterProcessingInitializeOnLoad (5ms)
			EditorAssembliesLoaded (0ms)
		ExecutionOrderSort2 (0ms)
		AwakeInstancesAfterBackupRestoration (4ms)
Refreshing native plugins compatible for Editor in 2.65 ms, found 3 plugins.
Preloading 0 native plugins for Editor in 0.00 ms.
Unloading 3284 Unused Serialized files (Serialized files now loaded: 0)
Unloading 25 unused Assets / (30.8 KB). Loaded Objects now: 3877.
Memory consumption went from 132.2 MB to 132.2 MB.
Total: 1.744000 ms (FindLiveObjects: 0.159600 ms CreateObjectMapping: 0.045300 ms MarkObjects: 1.508300 ms  DeleteObjects: 0.029900 ms)

Prepare: number of updated asset objects reloaded= 0
AssetImportParameters requested are different than current active one (requested -> active):
  custom:container-demuxer-ogg: 62fdf1f143b41e24485cea50d1cbac27 -> 
  custom:video-codec-MediaFoundation-h265: 746d11721c4dcdbdad8f713fa42b33f4 -> 
  custom:video-decoder-ogg-theora: a1e56fd34408186e4bbccfd4996cb3dc -> 
  custom:framework-win-MediaFoundation: 216162199b28c13a410421893ffa2e32 -> 
  custom:CustomObjectIndexerAttribute: 9a22284fe3817be447336de3de66b15e -> 
  custom:container-demuxer-webm: 4f35f7cbe854078d1ac9338744f61a02 -> 
  custom:container-muxer-webm: aa71ff27fc2769a1b78a27578f13a17b -> 
  custom:video-decoder-webm-vp8: 9c59270c3fd7afecdb556c50c9e8de78 -> 
  custom:SearchIndexIgnoredProperties: e643bd26f0fe6173181afceb89e7c659 -> 
  custom:AudioImporter_EditorPlatform: d09bf68614088b80899f8185d706f6e7 -> 
  custom:video-encoder-webm-vp8: eb34c28f22e8b96e1ab97ce403110664 -> 
  custom:audio-decoder-ogg-vorbis: bf7c407c2cedff20999df2af8eb42d56 -> 
  custom:audio-encoder-webm-vorbis: bf7c407c2cedff20999df2af8eb42d56 -> 
========================================================================
Received Import Request.
  Time since last request: 640.429126 seconds.
  path: Assets/Hyper casual cartoon castles/Models/Objects/CS_Blue_Block.fbx
  artifactKey: Guid(2b55ff41b04a48240a4e53147a50cb72) Importer(815301076,1909f56bfc062723c751e8b465ee728b)
Start importing Assets/Hyper casual cartoon castles/Models/Objects/CS_Blue_Block.fbx using Guid(2b55ff41b04a48240a4e53147a50cb72) Importer(815301076,1909f56bfc062723c751e8b465ee728b)  -> (artifact id: '500bd84dece6ea1e11af5d093055b62d') in 0.082902 seconds
Number of updated asset objects reloaded before import = 0
Number of asset objects unloaded after import = 9
========================================================================
Received Import Request.
  Time since last request: 0.000012 seconds.
  path: Assets/Hyper casual cartoon castles/Models/Objects/CS_Fountain.fbx
  artifactKey: Guid(8428a40f00760ca4390979054d6c5e02) Importer(815301076,1909f56bfc062723c751e8b465ee728b)
Start importing Assets/Hyper casual cartoon castles/Models/Objects/CS_Fountain.fbx using Guid(8428a40f00760ca4390979054d6c5e02) Importer(815301076,1909f56bfc062723c751e8b465ee728b)  -> (artifact id: '7d42d19bb3052c9c3f4f1c0f9ebe7883') in 0.036344 seconds
Number of updated asset objects reloaded before import = 0
Number of asset objects unloaded after import = 9
========================================================================
Received Import Request.
  Time since last request: 0.000010 seconds.
  path: Assets/Hyper casual cartoon castles/Models/Objects/CS_RedFlower.fbx
  artifactKey: Guid(7affbc405e0a0724b90f89f251234de4) Importer(815301076,1909f56bfc062723c751e8b465ee728b)
Start importing Assets/Hyper casual cartoon castles/Models/Objects/CS_RedFlower.fbx using Guid(7affbc405e0a0724b90f89f251234de4) Importer(815301076,1909f56bfc062723c751e8b465ee728b)  -> (artifact id: 'ab76cddae4eeece1d356acc9f28aa31b') in 0.040947 seconds
Number of updated asset objects reloaded before import = 0
Number of asset objects unloaded after import = 9
========================================================================
Received Import Request.
  Time since last request: 0.000008 seconds.
  path: Assets/Hyper casual cartoon castles/Models/Objects/CS_Red_Block.fbx
  artifactKey: Guid(ac65c2b0ea23ad3488a4a3466c13c7fd) Importer(815301076,1909f56bfc062723c751e8b465ee728b)
Start importing Assets/Hyper casual cartoon castles/Models/Objects/CS_Red_Block.fbx using Guid(ac65c2b0ea23ad3488a4a3466c13c7fd) Importer(815301076,1909f56bfc062723c751e8b465ee728b)  -> (artifact id: 'f12c45e11fd4409877b6c692bccc6b0a') in 0.052109 seconds
Number of updated asset objects reloaded before import = 0
Number of asset objects unloaded after import = 9
========================================================================
Received Import Request.
  Time since last request: 0.000011 seconds.
  path: Assets/Hyper casual cartoon castles/Models/Objects/CS_Tree.fbx
  artifactKey: Guid(aab4b27bf03ada84f97b7543325de304) Importer(815301076,1909f56bfc062723c751e8b465ee728b)
Start importing Assets/Hyper casual cartoon castles/Models/Objects/CS_Tree.fbx using Guid(aab4b27bf03ada84f97b7543325de304) Importer(815301076,1909f56bfc062723c751e8b465ee728b)  -> (artifact id: 'e9d9cdba02055ab10abe531fc78bcc02') in 0.035045 seconds
Number of updated asset objects reloaded before import = 0
Number of asset objects unloaded after import = 9
========================================================================
Received Prepare
Begin MonoManager ReloadAssembly
- Loaded All Assemblies, in  0.264 seconds
Refreshing native plugins compatible for Editor in 2.24 ms, found 3 plugins.
Native extension for WindowsStandalone target not found
Mono: successfully reloaded assembly
- Finished resetting the current domain, in  0.521 seconds
Domain Reload Profiling: 783ms
	BeginReloadAssembly (93ms)
		ExecutionOrderSort (0ms)
		DisableScriptedObjects (2ms)
		BackupInstance (0ms)
		ReleaseScriptingObjects (0ms)
		CreateAndSetChildDomain (19ms)
	RebuildCommonClasses (22ms)
	RebuildNativeTypeToScriptingClass (6ms)
	initialDomainReloadingComplete (18ms)
	LoadAllAssembliesAndSetupDomain (123ms)
		LoadAssemblies (165ms)
		RebuildTransferFunctionScriptingTraits (0ms)
		AnalyzeDomain (9ms)
			TypeCache.Refresh (4ms)
				TypeCache.ScanAssembly (0ms)
			ScanForSourceGeneratedMonoScriptInfo (0ms)
			ResolveRequiredComponents (3ms)
	FinalizeReload (521ms)
		ReleaseScriptCaches (0ms)
		RebuildScriptCaches (0ms)
		SetupLoadedEditorAssemblies (225ms)
			LogAssemblyErrors (0ms)
			InitializePlatformSupportModulesInManaged (4ms)
			SetLoadedEditorAssemblies (2ms)
			RefreshPlugins (0ms)
			BeforeProcessingInitializeOnLoad (35ms)
			ProcessInitializeOnLoadAttributes (163ms)
			ProcessInitializeOnLoadMethodAttributes (14ms)
			AfterProcessingInitializeOnLoad (7ms)
			EditorAssembliesLoaded (0ms)
		ExecutionOrderSort2 (0ms)
		AwakeInstancesAfterBackupRestoration (5ms)
Refreshing native plugins compatible for Editor in 2.47 ms, found 3 plugins.
Preloading 0 native plugins for Editor in 0.00 ms.
Unloading 3284 Unused Serialized files (Serialized files now loaded: 0)
Unloading 25 unused Assets / (30.8 KB). Loaded Objects now: 3880.
Memory consumption went from 132.2 MB to 132.2 MB.
Total: 1.908300 ms (FindLiveObjects: 0.164500 ms CreateObjectMapping: 0.043100 ms MarkObjects: 1.669900 ms  DeleteObjects: 0.030200 ms)

Prepare: number of updated asset objects reloaded= 0
AssetImportParameters requested are different than current active one (requested -> active):
  custom:container-demuxer-ogg: 62fdf1f143b41e24485cea50d1cbac27 -> 
  custom:video-codec-MediaFoundation-h265: 746d11721c4dcdbdad8f713fa42b33f4 -> 
  custom:video-decoder-ogg-theora: a1e56fd34408186e4bbccfd4996cb3dc -> 
  custom:framework-win-MediaFoundation: 216162199b28c13a410421893ffa2e32 -> 
  custom:CustomObjectIndexerAttribute: 9a22284fe3817be447336de3de66b15e -> 
  custom:container-demuxer-webm: 4f35f7cbe854078d1ac9338744f61a02 -> 
  custom:container-muxer-webm: aa71ff27fc2769a1b78a27578f13a17b -> 
  custom:video-decoder-webm-vp8: 9c59270c3fd7afecdb556c50c9e8de78 -> 
  custom:SearchIndexIgnoredProperties: e643bd26f0fe6173181afceb89e7c659 -> 
  custom:AudioImporter_EditorPlatform: d09bf68614088b80899f8185d706f6e7 -> 
  custom:video-encoder-webm-vp8: eb34c28f22e8b96e1ab97ce403110664 -> 
  custom:audio-decoder-ogg-vorbis: bf7c407c2cedff20999df2af8eb42d56 -> 
  custom:audio-encoder-webm-vorbis: bf7c407c2cedff20999df2af8eb42d56 -> 
========================================================================
Received Import Request.
  Time since last request: 629.400122 seconds.
  path: Assets/Prefabs/Balista Variant.prefab
  artifactKey: Guid(e44579e14520226448425cb8cccd0a78) Importer(815301076,1909f56bfc062723c751e8b465ee728b)
Start importing Assets/Prefabs/Balista Variant.prefab using Guid(e44579e14520226448425cb8cccd0a78) Importer(815301076,1909f56bfc062723c751e8b465ee728b)  -> (artifact id: '53067f246ab6f7b63f2f8fe8cd7f006d') in 0.097177 seconds
Number of updated asset objects reloaded before import = 0
Number of asset objects unloaded after import = 94
========================================================================
Received Import Request.
  Time since last request: 0.000013 seconds.
  path: Assets/Prefabs/Bullet 2.prefab
  artifactKey: Guid(9dd5a045a3b980941b2cdf4a94cd46b9) Importer(815301076,1909f56bfc062723c751e8b465ee728b)
Start importing Assets/Prefabs/Bullet 2.prefab using Guid(9dd5a045a3b980941b2cdf4a94cd46b9) Importer(815301076,1909f56bfc062723c751e8b465ee728b)  -> (artifact id: 'fde3fed6750265a819a9924bddb837a0') in 0.020202 seconds
Number of updated asset objects reloaded before import = 0
Number of asset objects unloaded after import = 9
========================================================================
Received Import Request.
  Time since last request: 0.000012 seconds.
  path: Assets/Prefabs/Cube.prefab
  artifactKey: Guid(fb04211efeb767e45900afd239c6e899) Importer(815301076,1909f56bfc062723c751e8b465ee728b)
Start importing Assets/Prefabs/Cube.prefab using Guid(fb04211efeb767e45900afd239c6e899) Importer(815301076,1909f56bfc062723c751e8b465ee728b)  -> (artifact id: 'bb887a90370cfca0d918c19dc0377fda') in 0.029624 seconds
Number of updated asset objects reloaded before import = 0
Number of asset objects unloaded after import = 7
========================================================================
Received Import Request.
  Time since last request: 0.000017 seconds.
  path: Assets/Prefabs/Bone05.prefab
  artifactKey: Guid(3c51e8fbcbd27de4c8990be824951ef3) Importer(815301076,1909f56bfc062723c751e8b465ee728b)
Start importing Assets/Prefabs/Bone05.prefab using Guid(3c51e8fbcbd27de4c8990be824951ef3) Importer(815301076,1909f56bfc062723c751e8b465ee728b)  -> (artifact id: '90c3750911a6a6030246b675bd60a5ab') in 0.001067 seconds
Number of updated asset objects reloaded before import = 0
Number of asset objects unloaded after import = 4
========================================================================
Received Import Request.
  Time since last request: 0.000008 seconds.
  path: Assets/Prefabs/Bullet.prefab
  artifactKey: Guid(4fa40afdd614a484babc06e93be34cfe) Importer(815301076,1909f56bfc062723c751e8b465ee728b)
Start importing Assets/Prefabs/Bullet.prefab using Guid(4fa40afdd614a484babc06e93be34cfe) Importer(815301076,1909f56bfc062723c751e8b465ee728b)  -> (artifact id: '315a98c296f37b13bc5cfd20794158f7') in 0.015448 seconds
Number of updated asset objects reloaded before import = 0
Number of asset objects unloaded after import = 14
========================================================================
Received Import Request.
  Time since last request: 0.000010 seconds.
  path: Assets/Prefabs/Enemy 3.prefab
  artifactKey: Guid(88c9847694ef32445bfa8d6928624b43) Importer(815301076,1909f56bfc062723c751e8b465ee728b)
Start importing Assets/Prefabs/Enemy 3.prefab using Guid(88c9847694ef32445bfa8d6928624b43) Importer(815301076,1909f56bfc062723c751e8b465ee728b)  -> (artifact id: '7d1257f53ecc9bf2112e574e329eab0f') in 0.023118 seconds
Number of updated asset objects reloaded before import = 0
Number of asset objects unloaded after import = 9
========================================================================
Received Import Request.
  Time since last request: 0.000011 seconds.
  path: Assets/Prefabs/Castle.prefab
  artifactKey: Guid(977380f6120d5e7419b41dad03a1a08f) Importer(815301076,1909f56bfc062723c751e8b465ee728b)
Start importing Assets/Prefabs/Castle.prefab using Guid(977380f6120d5e7419b41dad03a1a08f) Importer(815301076,1909f56bfc062723c751e8b465ee728b)  -> (artifact id: 'a33307046f94e9ed91acab9c4dc6ea3a') in 0.022450 seconds
Number of updated asset objects reloaded before import = 0
Number of asset objects unloaded after import = 27
========================================================================
Received Import Request.
  Time since last request: 0.000010 seconds.
  path: Assets/Prefabs/TowerStatsUI.prefab
  artifactKey: Guid(7fbafc6e824019a4398eb15acd76f577) Importer(815301076,1909f56bfc062723c751e8b465ee728b)
Start importing Assets/Prefabs/TowerStatsUI.prefab using Guid(7fbafc6e824019a4398eb15acd76f577) Importer(815301076,1909f56bfc062723c751e8b465ee728b)  -> (artifact id: '7a5144fc0ed23bd9f2060eb8d86921a9') in 0.039211 seconds
Number of updated asset objects reloaded before import = 0
Number of asset objects unloaded after import = 19
========================================================================
Received Import Request.
  Time since last request: 0.000010 seconds.
  path: Assets/Prefabs/Enemy 2.prefab
  artifactKey: Guid(ab78a65feeeb47f43ae5a8eb4ce73410) Importer(815301076,1909f56bfc062723c751e8b465ee728b)
Start importing Assets/Prefabs/Enemy 2.prefab using Guid(ab78a65feeeb47f43ae5a8eb4ce73410) Importer(815301076,1909f56bfc062723c751e8b465ee728b)  -> (artifact id: '67b753520f8d74168948ca91010d1de1') in 0.163291 seconds
Number of updated asset objects reloaded before import = 0
Number of asset objects unloaded after import = 1424
========================================================================
Received Prepare
Begin MonoManager ReloadAssembly
- Loaded All Assemblies, in  0.258 seconds
Refreshing native plugins compatible for Editor in 2.15 ms, found 3 plugins.
Native extension for WindowsStandalone target not found
Mono: successfully reloaded assembly
- Finished resetting the current domain, in  0.564 seconds
Domain Reload Profiling: 820ms
	BeginReloadAssembly (93ms)
		ExecutionOrderSort (0ms)
		DisableScriptedObjects (3ms)
		BackupInstance (0ms)
		ReleaseScriptingObjects (0ms)
		CreateAndSetChildDomain (17ms)
	RebuildCommonClasses (18ms)
	RebuildNativeTypeToScriptingClass (6ms)
	initialDomainReloadingComplete (18ms)
	LoadAllAssembliesAndSetupDomain (121ms)
		LoadAssemblies (163ms)
		RebuildTransferFunctionScriptingTraits (0ms)
		AnalyzeDomain (9ms)
			TypeCache.Refresh (4ms)
				TypeCache.ScanAssembly (0ms)
			ScanForSourceGeneratedMonoScriptInfo (0ms)
			ResolveRequiredComponents (3ms)
	FinalizeReload (564ms)
		ReleaseScriptCaches (0ms)
		RebuildScriptCaches (0ms)
		SetupLoadedEditorAssemblies (238ms)
			LogAssemblyErrors (0ms)
			InitializePlatformSupportModulesInManaged (4ms)
			SetLoadedEditorAssemblies (2ms)
			RefreshPlugins (0ms)
			BeforeProcessingInitializeOnLoad (38ms)
			ProcessInitializeOnLoadAttributes (177ms)
			ProcessInitializeOnLoadMethodAttributes (12ms)
			AfterProcessingInitializeOnLoad (5ms)
			EditorAssembliesLoaded (0ms)
		ExecutionOrderSort2 (0ms)
		AwakeInstancesAfterBackupRestoration (5ms)
Refreshing native plugins compatible for Editor in 2.44 ms, found 3 plugins.
Preloading 0 native plugins for Editor in 0.00 ms.
Unloading 3284 Unused Serialized files (Serialized files now loaded: 0)
Unloading 27 unused Assets / (32.7 KB). Loaded Objects now: 3888.
Memory consumption went from 134.3 MB to 134.3 MB.
Total: 2.050400 ms (FindLiveObjects: 0.142800 ms CreateObjectMapping: 0.045500 ms MarkObjects: 1.812000 ms  DeleteObjects: 0.049400 ms)

Prepare: number of updated asset objects reloaded= 0
AssetImportParameters requested are different than current active one (requested -> active):
  custom:container-demuxer-ogg: 62fdf1f143b41e24485cea50d1cbac27 -> 
  custom:video-codec-MediaFoundation-h265: 746d11721c4dcdbdad8f713fa42b33f4 -> 
  custom:video-decoder-ogg-theora: a1e56fd34408186e4bbccfd4996cb3dc -> 
  custom:framework-win-MediaFoundation: 216162199b28c13a410421893ffa2e32 -> 
  custom:CustomObjectIndexerAttribute: 9a22284fe3817be447336de3de66b15e -> 
  custom:container-demuxer-webm: 4f35f7cbe854078d1ac9338744f61a02 -> 
  custom:container-muxer-webm: aa71ff27fc2769a1b78a27578f13a17b -> 
  custom:video-decoder-webm-vp8: 9c59270c3fd7afecdb556c50c9e8de78 -> 
  custom:SearchIndexIgnoredProperties: e643bd26f0fe6173181afceb89e7c659 -> 
  custom:AudioImporter_EditorPlatform: d09bf68614088b80899f8185d706f6e7 -> 
  custom:video-encoder-webm-vp8: eb34c28f22e8b96e1ab97ce403110664 -> 
  custom:audio-decoder-ogg-vorbis: bf7c407c2cedff20999df2af8eb42d56 -> 
  custom:audio-encoder-webm-vorbis: bf7c407c2cedff20999df2af8eb42d56 -> 
========================================================================
Received Prepare
Begin MonoManager ReloadAssembly
- Loaded All Assemblies, in  0.248 seconds
Refreshing native plugins compatible for Editor in 2.36 ms, found 3 plugins.
Native extension for WindowsStandalone target not found
Mono: successfully reloaded assembly
- Finished resetting the current domain, in  0.533 seconds
Domain Reload Profiling: 779ms
	BeginReloadAssembly (91ms)
		ExecutionOrderSort (0ms)
		DisableScriptedObjects (3ms)
		BackupInstance (0ms)
		ReleaseScriptingObjects (0ms)
		CreateAndSetChildDomain (15ms)
	RebuildCommonClasses (17ms)
	RebuildNativeTypeToScriptingClass (6ms)
	initialDomainReloadingComplete (16ms)
	LoadAllAssembliesAndSetupDomain (116ms)
		LoadAssemblies (158ms)
		RebuildTransferFunctionScriptingTraits (0ms)
		AnalyzeDomain (9ms)
			TypeCache.Refresh (4ms)
				TypeCache.ScanAssembly (0ms)
			ScanForSourceGeneratedMonoScriptInfo (0ms)
			ResolveRequiredComponents (3ms)
	FinalizeReload (533ms)
		ReleaseScriptCaches (0ms)
		RebuildScriptCaches (0ms)
		SetupLoadedEditorAssemblies (237ms)
			LogAssemblyErrors (0ms)
			InitializePlatformSupportModulesInManaged (5ms)
			SetLoadedEditorAssemblies (2ms)
			RefreshPlugins (0ms)
			BeforeProcessingInitializeOnLoad (36ms)
			ProcessInitializeOnLoadAttributes (175ms)
			ProcessInitializeOnLoadMethodAttributes (13ms)
			AfterProcessingInitializeOnLoad (5ms)
			EditorAssembliesLoaded (0ms)
		ExecutionOrderSort2 (0ms)
		AwakeInstancesAfterBackupRestoration (5ms)
Refreshing native plugins compatible for Editor in 2.32 ms, found 3 plugins.
Preloading 0 native plugins for Editor in 0.00 ms.
Unloading 3284 Unused Serialized files (Serialized files now loaded: 0)
Unloading 25 unused Assets / (30.9 KB). Loaded Objects now: 3891.
Memory consumption went from 134.3 MB to 134.3 MB.
Total: 1.693600 ms (FindLiveObjects: 0.136000 ms CreateObjectMapping: 0.041800 ms MarkObjects: 1.487300 ms  DeleteObjects: 0.027800 ms)

Prepare: number of updated asset objects reloaded= 0
AssetImportParameters requested are different than current active one (requested -> active):
  custom:container-demuxer-ogg: 62fdf1f143b41e24485cea50d1cbac27 -> 
  custom:video-codec-MediaFoundation-h265: 746d11721c4dcdbdad8f713fa42b33f4 -> 
  custom:video-decoder-ogg-theora: a1e56fd34408186e4bbccfd4996cb3dc -> 
  custom:framework-win-MediaFoundation: 216162199b28c13a410421893ffa2e32 -> 
  custom:CustomObjectIndexerAttribute: 9a22284fe3817be447336de3de66b15e -> 
  custom:container-demuxer-webm: 4f35f7cbe854078d1ac9338744f61a02 -> 
  custom:container-muxer-webm: aa71ff27fc2769a1b78a27578f13a17b -> 
  custom:video-decoder-webm-vp8: 9c59270c3fd7afecdb556c50c9e8de78 -> 
  custom:SearchIndexIgnoredProperties: e643bd26f0fe6173181afceb89e7c659 -> 
  custom:AudioImporter_EditorPlatform: d09bf68614088b80899f8185d706f6e7 -> 
  custom:video-encoder-webm-vp8: eb34c28f22e8b96e1ab97ce403110664 -> 
  custom:audio-decoder-ogg-vorbis: bf7c407c2cedff20999df2af8eb42d56 -> 
  custom:audio-encoder-webm-vorbis: bf7c407c2cedff20999df2af8eb42d56 -> 
========================================================================
Received Prepare
Begin MonoManager ReloadAssembly
- Loaded All Assemblies, in  0.252 seconds
Refreshing native plugins compatible for Editor in 1.97 ms, found 3 plugins.
Native extension for WindowsStandalone target not found
Mono: successfully reloaded assembly
- Finished resetting the current domain, in  0.547 seconds
Domain Reload Profiling: 796ms
	BeginReloadAssembly (88ms)
		ExecutionOrderSort (0ms)
		DisableScriptedObjects (4ms)
		BackupInstance (0ms)
		ReleaseScriptingObjects (0ms)
		CreateAndSetChildDomain (16ms)
	RebuildCommonClasses (18ms)
	RebuildNativeTypeToScriptingClass (6ms)
	initialDomainReloadingComplete (17ms)
	LoadAllAssembliesAndSetupDomain (120ms)
		LoadAssemblies (158ms)
		RebuildTransferFunctionScriptingTraits (0ms)
		AnalyzeDomain (9ms)
			TypeCache.Refresh (4ms)
				TypeCache.ScanAssembly (0ms)
			ScanForSourceGeneratedMonoScriptInfo (0ms)
			ResolveRequiredComponents (3ms)
	FinalizeReload (547ms)
		ReleaseScriptCaches (0ms)
		RebuildScriptCaches (0ms)
		SetupLoadedEditorAssemblies (231ms)
			LogAssemblyErrors (0ms)
			InitializePlatformSupportModulesInManaged (4ms)
			SetLoadedEditorAssemblies (2ms)
			RefreshPlugins (0ms)
			BeforeProcessingInitializeOnLoad (37ms)
			ProcessInitializeOnLoadAttributes (171ms)
			ProcessInitializeOnLoadMethodAttributes (12ms)
			AfterProcessingInitializeOnLoad (5ms)
			EditorAssembliesLoaded (0ms)
		ExecutionOrderSort2 (0ms)
		AwakeInstancesAfterBackupRestoration (6ms)
Refreshing native plugins compatible for Editor in 2.42 ms, found 3 plugins.
Preloading 0 native plugins for Editor in 0.00 ms.
Unloading 3284 Unused Serialized files (Serialized files now loaded: 0)
Unloading 25 unused Assets / (30.8 KB). Loaded Objects now: 3894.
Memory consumption went from 134.3 MB to 134.3 MB.
Total: 2.030600 ms (FindLiveObjects: 0.139000 ms CreateObjectMapping: 0.040800 ms MarkObjects: 1.820600 ms  DeleteObjects: 0.029600 ms)

Prepare: number of updated asset objects reloaded= 0
AssetImportParameters requested are different than current active one (requested -> active):
  custom:container-demuxer-ogg: 62fdf1f143b41e24485cea50d1cbac27 -> 
  custom:video-codec-MediaFoundation-h265: 746d11721c4dcdbdad8f713fa42b33f4 -> 
  custom:video-decoder-ogg-theora: a1e56fd34408186e4bbccfd4996cb3dc -> 
  custom:framework-win-MediaFoundation: 216162199b28c13a410421893ffa2e32 -> 
  custom:CustomObjectIndexerAttribute: 9a22284fe3817be447336de3de66b15e -> 
  custom:container-demuxer-webm: 4f35f7cbe854078d1ac9338744f61a02 -> 
  custom:container-muxer-webm: aa71ff27fc2769a1b78a27578f13a17b -> 
  custom:video-decoder-webm-vp8: 9c59270c3fd7afecdb556c50c9e8de78 -> 
  custom:SearchIndexIgnoredProperties: e643bd26f0fe6173181afceb89e7c659 -> 
  custom:AudioImporter_EditorPlatform: d09bf68614088b80899f8185d706f6e7 -> 
  custom:video-encoder-webm-vp8: eb34c28f22e8b96e1ab97ce403110664 -> 
  custom:audio-decoder-ogg-vorbis: bf7c407c2cedff20999df2af8eb42d56 -> 
  custom:audio-encoder-webm-vorbis: bf7c407c2cedff20999df2af8eb42d56 -> 
========================================================================
Received Prepare
Begin MonoManager ReloadAssembly
- Loaded All Assemblies, in  0.256 seconds
Refreshing native plugins compatible for Editor in 2.06 ms, found 3 plugins.
Native extension for WindowsStandalone target not found
Mono: successfully reloaded assembly
- Finished resetting the current domain, in  0.546 seconds
Domain Reload Profiling: 800ms
	BeginReloadAssembly (92ms)
		ExecutionOrderSort (0ms)
		DisableScriptedObjects (3ms)
		BackupInstance (0ms)
		ReleaseScriptingObjects (0ms)
		CreateAndSetChildDomain (16ms)
	RebuildCommonClasses (19ms)
	RebuildNativeTypeToScriptingClass (6ms)
	initialDomainReloadingComplete (17ms)
	LoadAllAssembliesAndSetupDomain (120ms)
		LoadAssemblies (160ms)
		RebuildTransferFunctionScriptingTraits (0ms)
		AnalyzeDomain (9ms)
			TypeCache.Refresh (4ms)
				TypeCache.ScanAssembly (0ms)
			ScanForSourceGeneratedMonoScriptInfo (0ms)
			ResolveRequiredComponents (3ms)
	FinalizeReload (546ms)
		ReleaseScriptCaches (0ms)
		RebuildScriptCaches (0ms)
		SetupLoadedEditorAssemblies (232ms)
			LogAssemblyErrors (0ms)
			InitializePlatformSupportModulesInManaged (4ms)
			SetLoadedEditorAssemblies (2ms)
			RefreshPlugins (0ms)
			BeforeProcessingInitializeOnLoad (36ms)
			ProcessInitializeOnLoadAttributes (173ms)
			ProcessInitializeOnLoadMethodAttributes (12ms)
			AfterProcessingInitializeOnLoad (5ms)
			EditorAssembliesLoaded (0ms)
		ExecutionOrderSort2 (0ms)
		AwakeInstancesAfterBackupRestoration (5ms)
Refreshing native plugins compatible for Editor in 2.88 ms, found 3 plugins.
Preloading 0 native plugins for Editor in 0.00 ms.
Unloading 3284 Unused Serialized files (Serialized files now loaded: 0)
Unloading 25 unused Assets / (30.8 KB). Loaded Objects now: 3897.
Memory consumption went from 134.3 MB to 134.3 MB.
Total: 1.887600 ms (FindLiveObjects: 0.137000 ms CreateObjectMapping: 0.040200 ms MarkObjects: 1.680900 ms  DeleteObjects: 0.029000 ms)

Prepare: number of updated asset objects reloaded= 0
AssetImportParameters requested are different than current active one (requested -> active):
  custom:container-demuxer-ogg: 62fdf1f143b41e24485cea50d1cbac27 -> 
  custom:video-codec-MediaFoundation-h265: 746d11721c4dcdbdad8f713fa42b33f4 -> 
  custom:video-decoder-ogg-theora: a1e56fd34408186e4bbccfd4996cb3dc -> 
  custom:framework-win-MediaFoundation: 216162199b28c13a410421893ffa2e32 -> 
  custom:CustomObjectIndexerAttribute: 9a22284fe3817be447336de3de66b15e -> 
  custom:container-demuxer-webm: 4f35f7cbe854078d1ac9338744f61a02 -> 
  custom:container-muxer-webm: aa71ff27fc2769a1b78a27578f13a17b -> 
  custom:video-decoder-webm-vp8: 9c59270c3fd7afecdb556c50c9e8de78 -> 
  custom:SearchIndexIgnoredProperties: e643bd26f0fe6173181afceb89e7c659 -> 
  custom:AudioImporter_EditorPlatform: d09bf68614088b80899f8185d706f6e7 -> 
  custom:video-encoder-webm-vp8: eb34c28f22e8b96e1ab97ce403110664 -> 
  custom:audio-decoder-ogg-vorbis: bf7c407c2cedff20999df2af8eb42d56 -> 
  custom:audio-encoder-webm-vorbis: bf7c407c2cedff20999df2af8eb42d56 -> 
========================================================================
Received Prepare
Begin MonoManager ReloadAssembly
- Loaded All Assemblies, in  0.252 seconds
Refreshing native plugins compatible for Editor in 2.43 ms, found 3 plugins.
Native extension for WindowsStandalone target not found
Mono: successfully reloaded assembly
- Finished resetting the current domain, in  0.550 seconds
Domain Reload Profiling: 800ms
	BeginReloadAssembly (91ms)
		ExecutionOrderSort (0ms)
		DisableScriptedObjects (4ms)
		BackupInstance (0ms)
		ReleaseScriptingObjects (0ms)
		CreateAndSetChildDomain (16ms)
	RebuildCommonClasses (18ms)
	RebuildNativeTypeToScriptingClass (6ms)
	initialDomainReloadingComplete (17ms)
	LoadAllAssembliesAndSetupDomain (117ms)
		LoadAssemblies (158ms)
		RebuildTransferFunctionScriptingTraits (0ms)
		AnalyzeDomain (8ms)
			TypeCache.Refresh (4ms)
				TypeCache.ScanAssembly (0ms)
			ScanForSourceGeneratedMonoScriptInfo (0ms)
			ResolveRequiredComponents (3ms)
	FinalizeReload (550ms)
		ReleaseScriptCaches (0ms)
		RebuildScriptCaches (0ms)
		SetupLoadedEditorAssemblies (234ms)
			LogAssemblyErrors (0ms)
			InitializePlatformSupportModulesInManaged (4ms)
			SetLoadedEditorAssemblies (2ms)
			RefreshPlugins (0ms)
			BeforeProcessingInitializeOnLoad (37ms)
			ProcessInitializeOnLoadAttributes (173ms)
			ProcessInitializeOnLoadMethodAttributes (13ms)
			AfterProcessingInitializeOnLoad (5ms)
			EditorAssembliesLoaded (0ms)
		ExecutionOrderSort2 (0ms)
		AwakeInstancesAfterBackupRestoration (5ms)
Refreshing native plugins compatible for Editor in 2.37 ms, found 3 plugins.
Preloading 0 native plugins for Editor in 0.00 ms.
Unloading 3284 Unused Serialized files (Serialized files now loaded: 0)
Unloading 25 unused Assets / (30.9 KB). Loaded Objects now: 3900.
Memory consumption went from 134.3 MB to 134.3 MB.
Total: 1.852500 ms (FindLiveObjects: 0.143100 ms CreateObjectMapping: 0.042800 ms MarkObjects: 1.635200 ms  DeleteObjects: 0.030800 ms)

Prepare: number of updated asset objects reloaded= 0
AssetImportParameters requested are different than current active one (requested -> active):
  custom:container-demuxer-ogg: 62fdf1f143b41e24485cea50d1cbac27 -> 
  custom:video-codec-MediaFoundation-h265: 746d11721c4dcdbdad8f713fa42b33f4 -> 
  custom:video-decoder-ogg-theora: a1e56fd34408186e4bbccfd4996cb3dc -> 
  custom:framework-win-MediaFoundation: 216162199b28c13a410421893ffa2e32 -> 
  custom:CustomObjectIndexerAttribute: 9a22284fe3817be447336de3de66b15e -> 
  custom:container-demuxer-webm: 4f35f7cbe854078d1ac9338744f61a02 -> 
  custom:container-muxer-webm: aa71ff27fc2769a1b78a27578f13a17b -> 
  custom:video-decoder-webm-vp8: 9c59270c3fd7afecdb556c50c9e8de78 -> 
  custom:SearchIndexIgnoredProperties: e643bd26f0fe6173181afceb89e7c659 -> 
  custom:AudioImporter_EditorPlatform: d09bf68614088b80899f8185d706f6e7 -> 
  custom:video-encoder-webm-vp8: eb34c28f22e8b96e1ab97ce403110664 -> 
  custom:audio-decoder-ogg-vorbis: bf7c407c2cedff20999df2af8eb42d56 -> 
  custom:audio-encoder-webm-vorbis: bf7c407c2cedff20999df2af8eb42d56 -> 
========================================================================
Received Prepare
Begin MonoManager ReloadAssembly
- Loaded All Assemblies, in  0.253 seconds
Refreshing native plugins compatible for Editor in 2.25 ms, found 3 plugins.
Native extension for WindowsStandalone target not found
Mono: successfully reloaded assembly
- Finished resetting the current domain, in  0.522 seconds
Domain Reload Profiling: 773ms
	BeginReloadAssembly (89ms)
		ExecutionOrderSort (0ms)
		DisableScriptedObjects (3ms)
		BackupInstance (0ms)
		ReleaseScriptingObjects (0ms)
		CreateAndSetChildDomain (16ms)
	RebuildCommonClasses (18ms)
	RebuildNativeTypeToScriptingClass (7ms)
	initialDomainReloadingComplete (18ms)
	LoadAllAssembliesAndSetupDomain (119ms)
		LoadAssemblies (157ms)
		RebuildTransferFunctionScriptingTraits (0ms)
		AnalyzeDomain (10ms)
			TypeCache.Refresh (4ms)
				TypeCache.ScanAssembly (0ms)
			ScanForSourceGeneratedMonoScriptInfo (0ms)
			ResolveRequiredComponents (4ms)
	FinalizeReload (522ms)
		ReleaseScriptCaches (0ms)
		RebuildScriptCaches (0ms)
		SetupLoadedEditorAssemblies (232ms)
			LogAssemblyErrors (0ms)
			InitializePlatformSupportModulesInManaged (4ms)
			SetLoadedEditorAssemblies (2ms)
			RefreshPlugins (0ms)
			BeforeProcessingInitializeOnLoad (36ms)
			ProcessInitializeOnLoadAttributes (173ms)
			ProcessInitializeOnLoadMethodAttributes (12ms)
			AfterProcessingInitializeOnLoad (5ms)
			EditorAssembliesLoaded (0ms)
		ExecutionOrderSort2 (0ms)
		AwakeInstancesAfterBackupRestoration (5ms)
Refreshing native plugins compatible for Editor in 2.25 ms, found 3 plugins.
Preloading 0 native plugins for Editor in 0.00 ms.
Unloading 3284 Unused Serialized files (Serialized files now loaded: 0)
Unloading 25 unused Assets / (30.8 KB). Loaded Objects now: 3903.
Memory consumption went from 134.3 MB to 134.3 MB.
Total: 1.797400 ms (FindLiveObjects: 0.185700 ms CreateObjectMapping: 0.042400 ms MarkObjects: 1.541500 ms  DeleteObjects: 0.027000 ms)

Prepare: number of updated asset objects reloaded= 0
AssetImportParameters requested are different than current active one (requested -> active):
  custom:container-demuxer-ogg: 62fdf1f143b41e24485cea50d1cbac27 -> 
  custom:video-codec-MediaFoundation-h265: 746d11721c4dcdbdad8f713fa42b33f4 -> 
  custom:video-decoder-ogg-theora: a1e56fd34408186e4bbccfd4996cb3dc -> 
  custom:framework-win-MediaFoundation: 216162199b28c13a410421893ffa2e32 -> 
  custom:CustomObjectIndexerAttribute: 9a22284fe3817be447336de3de66b15e -> 
  custom:container-demuxer-webm: 4f35f7cbe854078d1ac9338744f61a02 -> 
  custom:container-muxer-webm: aa71ff27fc2769a1b78a27578f13a17b -> 
  custom:video-decoder-webm-vp8: 9c59270c3fd7afecdb556c50c9e8de78 -> 
  custom:SearchIndexIgnoredProperties: e643bd26f0fe6173181afceb89e7c659 -> 
  custom:AudioImporter_EditorPlatform: d09bf68614088b80899f8185d706f6e7 -> 
  custom:video-encoder-webm-vp8: eb34c28f22e8b96e1ab97ce403110664 -> 
  custom:audio-decoder-ogg-vorbis: bf7c407c2cedff20999df2af8eb42d56 -> 
  custom:audio-encoder-webm-vorbis: bf7c407c2cedff20999df2af8eb42d56 -> 
========================================================================
Received Prepare
Begin MonoManager ReloadAssembly
- Loaded All Assemblies, in  0.243 seconds
Refreshing native plugins compatible for Editor in 1.87 ms, found 3 plugins.
Native extension for WindowsStandalone target not found
Mono: successfully reloaded assembly
- Finished resetting the current domain, in  0.581 seconds
Domain Reload Profiling: 823ms
	BeginReloadAssembly (87ms)
		ExecutionOrderSort (0ms)
		DisableScriptedObjects (4ms)
		BackupInstance (0ms)
		ReleaseScriptingObjects (0ms)
		CreateAndSetChildDomain (16ms)
	RebuildCommonClasses (17ms)
	RebuildNativeTypeToScriptingClass (7ms)
	initialDomainReloadingComplete (16ms)
	LoadAllAssembliesAndSetupDomain (114ms)
		LoadAssemblies (151ms)
		RebuildTransferFunctionScriptingTraits (0ms)
		AnalyzeDomain (8ms)
			TypeCache.Refresh (4ms)
				TypeCache.ScanAssembly (0ms)
			ScanForSourceGeneratedMonoScriptInfo (0ms)
			ResolveRequiredComponents (3ms)
	FinalizeReload (581ms)
		ReleaseScriptCaches (0ms)
		RebuildScriptCaches (0ms)
		SetupLoadedEditorAssemblies (253ms)
			LogAssemblyErrors (0ms)
			InitializePlatformSupportModulesInManaged (4ms)
			SetLoadedEditorAssemblies (2ms)
			RefreshPlugins (0ms)
			BeforeProcessingInitializeOnLoad (38ms)
			ProcessInitializeOnLoadAttributes (191ms)
			ProcessInitializeOnLoadMethodAttributes (14ms)
			AfterProcessingInitializeOnLoad (4ms)
			EditorAssembliesLoaded (0ms)
		ExecutionOrderSort2 (0ms)
		AwakeInstancesAfterBackupRestoration (4ms)
Refreshing native plugins compatible for Editor in 3.20 ms, found 3 plugins.
Preloading 0 native plugins for Editor in 0.00 ms.
Unloading 3284 Unused Serialized files (Serialized files now loaded: 0)
Unloading 25 unused Assets / (30.9 KB). Loaded Objects now: 3906.
Memory consumption went from 134.3 MB to 134.3 MB.
Total: 1.807600 ms (FindLiveObjects: 0.137600 ms CreateObjectMapping: 0.107800 ms MarkObjects: 1.523400 ms  DeleteObjects: 0.038200 ms)

Prepare: number of updated asset objects reloaded= 0
AssetImportParameters requested are different than current active one (requested -> active):
  custom:container-demuxer-ogg: 62fdf1f143b41e24485cea50d1cbac27 -> 
  custom:video-codec-MediaFoundation-h265: 746d11721c4dcdbdad8f713fa42b33f4 -> 
  custom:video-decoder-ogg-theora: a1e56fd34408186e4bbccfd4996cb3dc -> 
  custom:framework-win-MediaFoundation: 216162199b28c13a410421893ffa2e32 -> 
  custom:CustomObjectIndexerAttribute: 9a22284fe3817be447336de3de66b15e -> 
  custom:container-demuxer-webm: 4f35f7cbe854078d1ac9338744f61a02 -> 
  custom:container-muxer-webm: aa71ff27fc2769a1b78a27578f13a17b -> 
  custom:video-decoder-webm-vp8: 9c59270c3fd7afecdb556c50c9e8de78 -> 
  custom:SearchIndexIgnoredProperties: e643bd26f0fe6173181afceb89e7c659 -> 
  custom:AudioImporter_EditorPlatform: d09bf68614088b80899f8185d706f6e7 -> 
  custom:video-encoder-webm-vp8: eb34c28f22e8b96e1ab97ce403110664 -> 
  custom:audio-decoder-ogg-vorbis: bf7c407c2cedff20999df2af8eb42d56 -> 
  custom:audio-encoder-webm-vorbis: bf7c407c2cedff20999df2af8eb42d56 -> 
========================================================================
Received Import Request.
  Time since last request: 458.508188 seconds.
  path: Assets/!My Prefabs/Bullet 1.prefab
  artifactKey: Guid(ca4409c2ea9676648a10208a9647c826) Importer(815301076,1909f56bfc062723c751e8b465ee728b)
Start importing Assets/!My Prefabs/Bullet 1.prefab using Guid(ca4409c2ea9676648a10208a9647c826) Importer(815301076,1909f56bfc062723c751e8b465ee728b)  -> (artifact id: '3b7320ab01ced6ef3322bf1ccd8d2496') in 0.057901 seconds
Number of updated asset objects reloaded before import = 0
Number of asset objects unloaded after import = 27
========================================================================
Received Import Request.
  Time since last request: 12.517956 seconds.
  path: Assets/!My Prefabs/Bullet 1.prefab
  artifactKey: Guid(ca4409c2ea9676648a10208a9647c826) Importer(815301076,1909f56bfc062723c751e8b465ee728b)
Start importing Assets/!My Prefabs/Bullet 1.prefab using Guid(ca4409c2ea9676648a10208a9647c826) Importer(815301076,1909f56bfc062723c751e8b465ee728b)  -> (artifact id: 'c26c83f471a3d6ee7987f47128f637e9') in 0.012800 seconds
Number of updated asset objects reloaded before import = 0
Number of asset objects unloaded after import = 27
========================================================================
Received Prepare
Begin MonoManager ReloadAssembly
- Loaded All Assemblies, in  0.254 seconds
Refreshing native plugins compatible for Editor in 2.14 ms, found 3 plugins.
Native extension for WindowsStandalone target not found
Mono: successfully reloaded assembly
- Finished resetting the current domain, in  0.552 seconds
Domain Reload Profiling: 805ms
	BeginReloadAssembly (94ms)
		ExecutionOrderSort (0ms)
		DisableScriptedObjects (3ms)
		BackupInstance (0ms)
		ReleaseScriptingObjects (0ms)
		CreateAndSetChildDomain (19ms)
	RebuildCommonClasses (18ms)
	RebuildNativeTypeToScriptingClass (6ms)
	initialDomainReloadingComplete (18ms)
	LoadAllAssembliesAndSetupDomain (117ms)
		LoadAssemblies (158ms)
		RebuildTransferFunctionScriptingTraits (0ms)
		AnalyzeDomain (9ms)
			TypeCache.Refresh (4ms)
				TypeCache.ScanAssembly (0ms)
			ScanForSourceGeneratedMonoScriptInfo (0ms)
			ResolveRequiredComponents (3ms)
	FinalizeReload (553ms)
		ReleaseScriptCaches (0ms)
		RebuildScriptCaches (0ms)
		SetupLoadedEditorAssemblies (231ms)
			LogAssemblyErrors (0ms)
			InitializePlatformSupportModulesInManaged (4ms)
			SetLoadedEditorAssemblies (2ms)
			RefreshPlugins (0ms)
			BeforeProcessingInitializeOnLoad (37ms)
			ProcessInitializeOnLoadAttributes (170ms)
			ProcessInitializeOnLoadMethodAttributes (13ms)
			AfterProcessingInitializeOnLoad (5ms)
			EditorAssembliesLoaded (0ms)
		ExecutionOrderSort2 (0ms)
		AwakeInstancesAfterBackupRestoration (4ms)
Refreshing native plugins compatible for Editor in 2.40 ms, found 3 plugins.
Preloading 0 native plugins for Editor in 0.00 ms.
Unloading 3284 Unused Serialized files (Serialized files now loaded: 0)
Unloading 25 unused Assets / (30.9 KB). Loaded Objects now: 3909.
Memory consumption went from 134.3 MB to 134.3 MB.
Total: 1.736200 ms (FindLiveObjects: 0.141500 ms CreateObjectMapping: 0.052500 ms MarkObjects: 1.512600 ms  DeleteObjects: 0.029100 ms)

Prepare: number of updated asset objects reloaded= 0
AssetImportParameters requested are different than current active one (requested -> active):
  custom:container-demuxer-ogg: 62fdf1f143b41e24485cea50d1cbac27 -> 
  custom:video-codec-MediaFoundation-h265: 746d11721c4dcdbdad8f713fa42b33f4 -> 
  custom:video-decoder-ogg-theora: a1e56fd34408186e4bbccfd4996cb3dc -> 
  custom:framework-win-MediaFoundation: 216162199b28c13a410421893ffa2e32 -> 
  custom:CustomObjectIndexerAttribute: 9a22284fe3817be447336de3de66b15e -> 
  custom:container-demuxer-webm: 4f35f7cbe854078d1ac9338744f61a02 -> 
  custom:container-muxer-webm: aa71ff27fc2769a1b78a27578f13a17b -> 
  custom:video-decoder-webm-vp8: 9c59270c3fd7afecdb556c50c9e8de78 -> 
  custom:SearchIndexIgnoredProperties: e643bd26f0fe6173181afceb89e7c659 -> 
  custom:AudioImporter_EditorPlatform: d09bf68614088b80899f8185d706f6e7 -> 
  custom:video-encoder-webm-vp8: eb34c28f22e8b96e1ab97ce403110664 -> 
  custom:audio-decoder-ogg-vorbis: bf7c407c2cedff20999df2af8eb42d56 -> 
  custom:audio-encoder-webm-vorbis: bf7c407c2cedff20999df2af8eb42d56 -> 
========================================================================
Received Import Request.
  Time since last request: 140.202721 seconds.
  path: Assets/!My Prefabs/towers/Cannon.prefab
  artifactKey: Guid(76a11396dde8cad498835d6c833b10f2) Importer(815301076,1909f56bfc062723c751e8b465ee728b)
Start importing Assets/!My Prefabs/towers/Cannon.prefab using Guid(76a11396dde8cad498835d6c833b10f2) Importer(815301076,1909f56bfc062723c751e8b465ee728b)  -> (artifact id: '094c6f5db629e73d94ca8c57e86c918f') in 0.168720 seconds
Number of updated asset objects reloaded before import = 0
Number of asset objects unloaded after import = 120
========================================================================
Received Prepare
Begin MonoManager ReloadAssembly
- Loaded All Assemblies, in  0.253 seconds
Refreshing native plugins compatible for Editor in 2.09 ms, found 3 plugins.
Native extension for WindowsStandalone target not found
Mono: successfully reloaded assembly
- Finished resetting the current domain, in  0.514 seconds
Domain Reload Profiling: 766ms
	BeginReloadAssembly (89ms)
		ExecutionOrderSort (0ms)
		DisableScriptedObjects (2ms)
		BackupInstance (0ms)
		ReleaseScriptingObjects (0ms)
		CreateAndSetChildDomain (18ms)
	RebuildCommonClasses (18ms)
	RebuildNativeTypeToScriptingClass (6ms)
	initialDomainReloadingComplete (20ms)
	LoadAllAssembliesAndSetupDomain (118ms)
		LoadAssemblies (157ms)
		RebuildTransferFunctionScriptingTraits (0ms)
		AnalyzeDomain (9ms)
			TypeCache.Refresh (4ms)
				TypeCache.ScanAssembly (0ms)
			ScanForSourceGeneratedMonoScriptInfo (0ms)
			ResolveRequiredComponents (3ms)
	FinalizeReload (515ms)
		ReleaseScriptCaches (0ms)
		RebuildScriptCaches (0ms)
		SetupLoadedEditorAssemblies (227ms)
			LogAssemblyErrors (0ms)
			InitializePlatformSupportModulesInManaged (4ms)
			SetLoadedEditorAssemblies (2ms)
			RefreshPlugins (0ms)
			BeforeProcessingInitializeOnLoad (36ms)
			ProcessInitializeOnLoadAttributes (167ms)
			ProcessInitializeOnLoadMethodAttributes (12ms)
			AfterProcessingInitializeOnLoad (5ms)
			EditorAssembliesLoaded (0ms)
		ExecutionOrderSort2 (0ms)
		AwakeInstancesAfterBackupRestoration (5ms)
Refreshing native plugins compatible for Editor in 2.35 ms, found 3 plugins.
Preloading 0 native plugins for Editor in 0.00 ms.
Unloading 3284 Unused Serialized files (Serialized files now loaded: 0)
Unloading 27 unused Assets / (31.7 KB). Loaded Objects now: 3913.
Memory consumption went from 134.4 MB to 134.3 MB.
Total: 1.742100 ms (FindLiveObjects: 0.139900 ms CreateObjectMapping: 0.041500 ms MarkObjects: 1.505400 ms  DeleteObjects: 0.054500 ms)

Prepare: number of updated asset objects reloaded= 0
AssetImportParameters requested are different than current active one (requested -> active):
  custom:container-demuxer-ogg: 62fdf1f143b41e24485cea50d1cbac27 -> 
  custom:video-codec-MediaFoundation-h265: 746d11721c4dcdbdad8f713fa42b33f4 -> 
  custom:video-decoder-ogg-theora: a1e56fd34408186e4bbccfd4996cb3dc -> 
  custom:framework-win-MediaFoundation: 216162199b28c13a410421893ffa2e32 -> 
  custom:CustomObjectIndexerAttribute: 9a22284fe3817be447336de3de66b15e -> 
  custom:container-demuxer-webm: 4f35f7cbe854078d1ac9338744f61a02 -> 
  custom:container-muxer-webm: aa71ff27fc2769a1b78a27578f13a17b -> 
  custom:video-decoder-webm-vp8: 9c59270c3fd7afecdb556c50c9e8de78 -> 
  custom:SearchIndexIgnoredProperties: e643bd26f0fe6173181afceb89e7c659 -> 
  custom:AudioImporter_EditorPlatform: d09bf68614088b80899f8185d706f6e7 -> 
  custom:video-encoder-webm-vp8: eb34c28f22e8b96e1ab97ce403110664 -> 
  custom:audio-decoder-ogg-vorbis: bf7c407c2cedff20999df2af8eb42d56 -> 
  custom:audio-encoder-webm-vorbis: bf7c407c2cedff20999df2af8eb42d56 -> 
========================================================================
Received Prepare
Begin MonoManager ReloadAssembly
- Loaded All Assemblies, in  0.260 seconds
Refreshing native plugins compatible for Editor in 1.80 ms, found 3 plugins.
Native extension for WindowsStandalone target not found
Mono: successfully reloaded assembly
- Finished resetting the current domain, in  0.559 seconds
Domain Reload Profiling: 817ms
	BeginReloadAssembly (93ms)
		ExecutionOrderSort (0ms)
		DisableScriptedObjects (3ms)
		BackupInstance (0ms)
		ReleaseScriptingObjects (0ms)
		CreateAndSetChildDomain (18ms)
	RebuildCommonClasses (18ms)
	RebuildNativeTypeToScriptingClass (6ms)
	initialDomainReloadingComplete (24ms)
	LoadAllAssembliesAndSetupDomain (117ms)
		LoadAssemblies (156ms)
		RebuildTransferFunctionScriptingTraits (0ms)
		AnalyzeDomain (9ms)
			TypeCache.Refresh (4ms)
				TypeCache.ScanAssembly (0ms)
			ScanForSourceGeneratedMonoScriptInfo (0ms)
			ResolveRequiredComponents (3ms)
	FinalizeReload (559ms)
		ReleaseScriptCaches (0ms)
		RebuildScriptCaches (0ms)
		SetupLoadedEditorAssemblies (236ms)
			LogAssemblyErrors (0ms)
			InitializePlatformSupportModulesInManaged (4ms)
			SetLoadedEditorAssemblies (2ms)
			RefreshPlugins (0ms)
			BeforeProcessingInitializeOnLoad (39ms)
			ProcessInitializeOnLoadAttributes (174ms)
			ProcessInitializeOnLoadMethodAttributes (12ms)
			AfterProcessingInitializeOnLoad (5ms)
			EditorAssembliesLoaded (0ms)
		ExecutionOrderSort2 (0ms)
		AwakeInstancesAfterBackupRestoration (5ms)
Refreshing native plugins compatible for Editor in 2.15 ms, found 3 plugins.
Preloading 0 native plugins for Editor in 0.00 ms.
Unloading 3284 Unused Serialized files (Serialized files now loaded: 0)
Unloading 25 unused Assets / (30.8 KB). Loaded Objects now: 3916.
Memory consumption went from 134.4 MB to 134.3 MB.
Total: 1.953600 ms (FindLiveObjects: 0.149800 ms CreateObjectMapping: 0.126000 ms MarkObjects: 1.619400 ms  DeleteObjects: 0.057700 ms)

Prepare: number of updated asset objects reloaded= 0
AssetImportParameters requested are different than current active one (requested -> active):
  custom:container-demuxer-ogg: 62fdf1f143b41e24485cea50d1cbac27 -> 
  custom:video-codec-MediaFoundation-h265: 746d11721c4dcdbdad8f713fa42b33f4 -> 
  custom:video-decoder-ogg-theora: a1e56fd34408186e4bbccfd4996cb3dc -> 
  custom:framework-win-MediaFoundation: 216162199b28c13a410421893ffa2e32 -> 
  custom:CustomObjectIndexerAttribute: 9a22284fe3817be447336de3de66b15e -> 
  custom:container-demuxer-webm: 4f35f7cbe854078d1ac9338744f61a02 -> 
  custom:container-muxer-webm: aa71ff27fc2769a1b78a27578f13a17b -> 
  custom:video-decoder-webm-vp8: 9c59270c3fd7afecdb556c50c9e8de78 -> 
  custom:SearchIndexIgnoredProperties: e643bd26f0fe6173181afceb89e7c659 -> 
  custom:AudioImporter_EditorPlatform: d09bf68614088b80899f8185d706f6e7 -> 
  custom:video-encoder-webm-vp8: eb34c28f22e8b96e1ab97ce403110664 -> 
  custom:audio-decoder-ogg-vorbis: bf7c407c2cedff20999df2af8eb42d56 -> 
  custom:audio-encoder-webm-vorbis: bf7c407c2cedff20999df2af8eb42d56 -> 
========================================================================
Received Prepare
Begin MonoManager ReloadAssembly
- Loaded All Assemblies, in  0.255 seconds
Refreshing native plugins compatible for Editor in 2.75 ms, found 3 plugins.
Native extension for WindowsStandalone target not found
Mono: successfully reloaded assembly
- Finished resetting the current domain, in  0.586 seconds
Domain Reload Profiling: 839ms
	BeginReloadAssembly (93ms)
		ExecutionOrderSort (0ms)
		DisableScriptedObjects (3ms)
		BackupInstance (0ms)
		ReleaseScriptingObjects (0ms)
		CreateAndSetChildDomain (18ms)
	RebuildCommonClasses (18ms)
	RebuildNativeTypeToScriptingClass (6ms)
	initialDomainReloadingComplete (17ms)
	LoadAllAssembliesAndSetupDomain (119ms)
		LoadAssemblies (159ms)
		RebuildTransferFunctionScriptingTraits (0ms)
		AnalyzeDomain (10ms)
			TypeCache.Refresh (4ms)
				TypeCache.ScanAssembly (0ms)
			ScanForSourceGeneratedMonoScriptInfo (0ms)
			ResolveRequiredComponents (4ms)
	FinalizeReload (586ms)
		ReleaseScriptCaches (0ms)
		RebuildScriptCaches (0ms)
		SetupLoadedEditorAssemblies (236ms)
			LogAssemblyErrors (0ms)
			InitializePlatformSupportModulesInManaged (4ms)
			SetLoadedEditorAssemblies (2ms)
			RefreshPlugins (0ms)
			BeforeProcessingInitializeOnLoad (38ms)
			ProcessInitializeOnLoadAttributes (174ms)
			ProcessInitializeOnLoadMethodAttributes (13ms)
			AfterProcessingInitializeOnLoad (5ms)
			EditorAssembliesLoaded (0ms)
		ExecutionOrderSort2 (0ms)
		AwakeInstancesAfterBackupRestoration (5ms)
Refreshing native plugins compatible for Editor in 2.15 ms, found 3 plugins.
Preloading 0 native plugins for Editor in 0.00 ms.
Unloading 3284 Unused Serialized files (Serialized files now loaded: 0)
Unloading 25 unused Assets / (30.9 KB). Loaded Objects now: 3919.
Memory consumption went from 134.4 MB to 134.3 MB.
Total: 1.767300 ms (FindLiveObjects: 0.141800 ms CreateObjectMapping: 0.043800 ms MarkObjects: 1.546600 ms  DeleteObjects: 0.034500 ms)

Prepare: number of updated asset objects reloaded= 0
AssetImportParameters requested are different than current active one (requested -> active):
  custom:container-demuxer-ogg: 62fdf1f143b41e24485cea50d1cbac27 -> 
  custom:video-codec-MediaFoundation-h265: 746d11721c4dcdbdad8f713fa42b33f4 -> 
  custom:video-decoder-ogg-theora: a1e56fd34408186e4bbccfd4996cb3dc -> 
  custom:framework-win-MediaFoundation: 216162199b28c13a410421893ffa2e32 -> 
  custom:CustomObjectIndexerAttribute: 9a22284fe3817be447336de3de66b15e -> 
  custom:container-demuxer-webm: 4f35f7cbe854078d1ac9338744f61a02 -> 
  custom:container-muxer-webm: aa71ff27fc2769a1b78a27578f13a17b -> 
  custom:video-decoder-webm-vp8: 9c59270c3fd7afecdb556c50c9e8de78 -> 
  custom:SearchIndexIgnoredProperties: e643bd26f0fe6173181afceb89e7c659 -> 
  custom:AudioImporter_EditorPlatform: d09bf68614088b80899f8185d706f6e7 -> 
  custom:video-encoder-webm-vp8: eb34c28f22e8b96e1ab97ce403110664 -> 
  custom:audio-decoder-ogg-vorbis: bf7c407c2cedff20999df2af8eb42d56 -> 
  custom:audio-encoder-webm-vorbis: bf7c407c2cedff20999df2af8eb42d56 -> 
========================================================================
Received Prepare
Begin MonoManager ReloadAssembly
- Loaded All Assemblies, in  0.261 seconds
Refreshing native plugins compatible for Editor in 2.52 ms, found 3 plugins.
Native extension for WindowsStandalone target not found
Mono: successfully reloaded assembly
- Finished resetting the current domain, in  0.533 seconds
Domain Reload Profiling: 793ms
	BeginReloadAssembly (94ms)
		ExecutionOrderSort (0ms)
		DisableScriptedObjects (3ms)
		BackupInstance (0ms)
		ReleaseScriptingObjects (0ms)
		CreateAndSetChildDomain (18ms)
	RebuildCommonClasses (18ms)
	RebuildNativeTypeToScriptingClass (6ms)
	initialDomainReloadingComplete (18ms)
	LoadAllAssembliesAndSetupDomain (123ms)
		LoadAssemblies (162ms)
		RebuildTransferFunctionScriptingTraits (0ms)
		AnalyzeDomain (11ms)
			TypeCache.Refresh (4ms)
				TypeCache.ScanAssembly (0ms)
			ScanForSourceGeneratedMonoScriptInfo (0ms)
			ResolveRequiredComponents (5ms)
	FinalizeReload (534ms)
		ReleaseScriptCaches (0ms)
		RebuildScriptCaches (0ms)
		SetupLoadedEditorAssemblies (232ms)
			LogAssemblyErrors (0ms)
			InitializePlatformSupportModulesInManaged (4ms)
			SetLoadedEditorAssemblies (2ms)
			RefreshPlugins (0ms)
			BeforeProcessingInitializeOnLoad (37ms)
			ProcessInitializeOnLoadAttributes (172ms)
			ProcessInitializeOnLoadMethodAttributes (12ms)
			AfterProcessingInitializeOnLoad (5ms)
			EditorAssembliesLoaded (0ms)
		ExecutionOrderSort2 (0ms)
		AwakeInstancesAfterBackupRestoration (5ms)
Refreshing native plugins compatible for Editor in 2.32 ms, found 3 plugins.
Preloading 0 native plugins for Editor in 0.00 ms.
Unloading 3284 Unused Serialized files (Serialized files now loaded: 0)
Unloading 25 unused Assets / (30.8 KB). Loaded Objects now: 3922.
Memory consumption went from 134.4 MB to 134.3 MB.
Total: 2.027700 ms (FindLiveObjects: 0.161300 ms CreateObjectMapping: 0.043700 ms MarkObjects: 1.791600 ms  DeleteObjects: 0.030300 ms)

Prepare: number of updated asset objects reloaded= 0
AssetImportParameters requested are different than current active one (requested -> active):
  custom:container-demuxer-ogg: 62fdf1f143b41e24485cea50d1cbac27 -> 
  custom:video-codec-MediaFoundation-h265: 746d11721c4dcdbdad8f713fa42b33f4 -> 
  custom:video-decoder-ogg-theora: a1e56fd34408186e4bbccfd4996cb3dc -> 
  custom:framework-win-MediaFoundation: 216162199b28c13a410421893ffa2e32 -> 
  custom:CustomObjectIndexerAttribute: 9a22284fe3817be447336de3de66b15e -> 
  custom:container-demuxer-webm: 4f35f7cbe854078d1ac9338744f61a02 -> 
  custom:container-muxer-webm: aa71ff27fc2769a1b78a27578f13a17b -> 
  custom:video-decoder-webm-vp8: 9c59270c3fd7afecdb556c50c9e8de78 -> 
  custom:SearchIndexIgnoredProperties: e643bd26f0fe6173181afceb89e7c659 -> 
  custom:AudioImporter_EditorPlatform: d09bf68614088b80899f8185d706f6e7 -> 
  custom:video-encoder-webm-vp8: eb34c28f22e8b96e1ab97ce403110664 -> 
  custom:audio-decoder-ogg-vorbis: bf7c407c2cedff20999df2af8eb42d56 -> 
  custom:audio-encoder-webm-vorbis: bf7c407c2cedff20999df2af8eb42d56 -> 
========================================================================
Received Prepare
Begin MonoManager ReloadAssembly
- Loaded All Assemblies, in  0.252 seconds
Refreshing native plugins compatible for Editor in 2.13 ms, found 3 plugins.
Native extension for WindowsStandalone target not found
Mono: successfully reloaded assembly
- Finished resetting the current domain, in  0.525 seconds
Domain Reload Profiling: 773ms
	BeginReloadAssembly (88ms)
		ExecutionOrderSort (0ms)
		DisableScriptedObjects (3ms)
		BackupInstance (0ms)
		ReleaseScriptingObjects (0ms)
		CreateAndSetChildDomain (15ms)
	RebuildCommonClasses (17ms)
	RebuildNativeTypeToScriptingClass (6ms)
	initialDomainReloadingComplete (17ms)
	LoadAllAssembliesAndSetupDomain (121ms)
		LoadAssemblies (157ms)
		RebuildTransferFunctionScriptingTraits (0ms)
		AnalyzeDomain (9ms)
			TypeCache.Refresh (4ms)
				TypeCache.ScanAssembly (0ms)
			ScanForSourceGeneratedMonoScriptInfo (0ms)
			ResolveRequiredComponents (3ms)
	FinalizeReload (525ms)
		ReleaseScriptCaches (0ms)
		RebuildScriptCaches (0ms)
		SetupLoadedEditorAssemblies (235ms)
			LogAssemblyErrors (0ms)
			InitializePlatformSupportModulesInManaged (4ms)
			SetLoadedEditorAssemblies (2ms)
			RefreshPlugins (0ms)
			BeforeProcessingInitializeOnLoad (38ms)
			ProcessInitializeOnLoadAttributes (175ms)
			ProcessInitializeOnLoadMethodAttributes (12ms)
			AfterProcessingInitializeOnLoad (4ms)
			EditorAssembliesLoaded (0ms)
		ExecutionOrderSort2 (0ms)
		AwakeInstancesAfterBackupRestoration (4ms)
Refreshing native plugins compatible for Editor in 2.22 ms, found 3 plugins.
Preloading 0 native plugins for Editor in 0.00 ms.
Unloading 3284 Unused Serialized files (Serialized files now loaded: 0)
Unloading 25 unused Assets / (30.8 KB). Loaded Objects now: 3925.
Memory consumption went from 134.4 MB to 134.3 MB.
Total: 1.946900 ms (FindLiveObjects: 0.163600 ms CreateObjectMapping: 0.050500 ms MarkObjects: 1.702200 ms  DeleteObjects: 0.030100 ms)

Prepare: number of updated asset objects reloaded= 0
AssetImportParameters requested are different than current active one (requested -> active):
  custom:container-demuxer-ogg: 62fdf1f143b41e24485cea50d1cbac27 -> 
  custom:video-codec-MediaFoundation-h265: 746d11721c4dcdbdad8f713fa42b33f4 -> 
  custom:video-decoder-ogg-theora: a1e56fd34408186e4bbccfd4996cb3dc -> 
  custom:framework-win-MediaFoundation: 216162199b28c13a410421893ffa2e32 -> 
  custom:CustomObjectIndexerAttribute: 9a22284fe3817be447336de3de66b15e -> 
  custom:container-demuxer-webm: 4f35f7cbe854078d1ac9338744f61a02 -> 
  custom:container-muxer-webm: aa71ff27fc2769a1b78a27578f13a17b -> 
  custom:video-decoder-webm-vp8: 9c59270c3fd7afecdb556c50c9e8de78 -> 
  custom:SearchIndexIgnoredProperties: e643bd26f0fe6173181afceb89e7c659 -> 
  custom:AudioImporter_EditorPlatform: d09bf68614088b80899f8185d706f6e7 -> 
  custom:video-encoder-webm-vp8: eb34c28f22e8b96e1ab97ce403110664 -> 
  custom:audio-decoder-ogg-vorbis: bf7c407c2cedff20999df2af8eb42d56 -> 
  custom:audio-encoder-webm-vorbis: bf7c407c2cedff20999df2af8eb42d56 -> 
