Using pre-set license
Built from '2022.3/staging' branch; Version is '2022.3.30f1 (70558241b701) revision 7361922'; Using compiler version '192829333'; Build Type 'Release'
OS: 'Windows 11  (10.0.26100) 64bit Professional' Language: 'en' Physical Memory: 98073 MB
BatchMode: 1, IsHumanControllingUs: 0, StartBugReporterOnCrash: 0, Is64bit: 1, IsPro: 1

COMMAND LINE ARGUMENTS:
C:\Program Files\Unity\Hub\Editor\2022.3.30f1\Editor\Unity.exe
-adb2
-batchMode
-noUpm
-name
AssetImportWorker0
-projectPath
C:/Users/Dan/Desktop/Tower Defense
-logFile
Logs/AssetImportWorker0.log
-srvPort
58960
Successfully changed project path to: C:/Users/Dan/Desktop/Tower Defense
C:/Users/Dan/Desktop/Tower Defense
[UnityMemory] Configuration Parameters - Can be set up in boot.config
    "memorysetup-bucket-allocator-granularity=16"
    "memorysetup-bucket-allocator-bucket-count=8"
    "memorysetup-bucket-allocator-block-size=33554432"
    "memorysetup-bucket-allocator-block-count=8"
    "memorysetup-main-allocator-block-size=16777216"
    "memorysetup-thread-allocator-block-size=16777216"
    "memorysetup-gfx-main-allocator-block-size=16777216"
    "memorysetup-gfx-thread-allocator-block-size=16777216"
    "memorysetup-cache-allocator-block-size=4194304"
    "memorysetup-typetree-allocator-block-size=2097152"
    "memorysetup-profiler-bucket-allocator-granularity=16"
    "memorysetup-profiler-bucket-allocator-bucket-count=8"
    "memorysetup-profiler-bucket-allocator-block-size=33554432"
    "memorysetup-profiler-bucket-allocator-block-count=8"
    "memorysetup-profiler-allocator-block-size=16777216"
    "memorysetup-profiler-editor-allocator-block-size=1048576"
    "memorysetup-temp-allocator-size-main=16777216"
    "memorysetup-job-temp-allocator-block-size=2097152"
    "memorysetup-job-temp-allocator-block-size-background=1048576"
    "memorysetup-job-temp-allocator-reduction-small-platforms=262144"
    "memorysetup-allocator-temp-initial-block-size-main=262144"
    "memorysetup-allocator-temp-initial-block-size-worker=262144"
    "memorysetup-temp-allocator-size-background-worker=32768"
    "memorysetup-temp-allocator-size-job-worker=262144"
    "memorysetup-temp-allocator-size-preload-manager=33554432"
    "memorysetup-temp-allocator-size-nav-mesh-worker=65536"
    "memorysetup-temp-allocator-size-audio-worker=65536"
    "memorysetup-temp-allocator-size-cloud-worker=32768"
    "memorysetup-temp-allocator-size-gi-baking-worker=262144"
    "memorysetup-temp-allocator-size-gfx=262144"
Player connection [27584] Host "[IP] 192.168.178.10 [Port] 0 [Flags] 2 [Guid] 1261065895 [EditorId] 1261065895 [Version] 1048832 [Id] WindowsEditor(7,DESKTOP-C6F6Q7F) [Debug] 1 [PackageName] WindowsEditor [ProjectName] Editor" joined multi-casting on [225.0.0.222:54997]...

Player connection [27584] Host "[IP] 192.168.178.10 [Port] 0 [Flags] 2 [Guid] 1261065895 [EditorId] 1261065895 [Version] 1048832 [Id] WindowsEditor(7,DESKTOP-C6F6Q7F) [Debug] 1 [PackageName] WindowsEditor [ProjectName] Editor" joined alternative multi-casting on [225.0.0.222:34997]...

[Physics::Module] Initialized MultithreadedJobDispatcher with 31 workers.
Refreshing native plugins compatible for Editor in 5.62 ms, found 3 plugins.
Preloading 0 native plugins for Editor in 0.00 ms.
Initialize engine version: 2022.3.30f1 (70558241b701)
[Subsystems] Discovering subsystems at path C:/Program Files/Unity/Hub/Editor/2022.3.30f1/Editor/Data/Resources/UnitySubsystems
[Subsystems] Discovering subsystems at path C:/Users/Dan/Desktop/Tower Defense/Assets
GfxDevice: creating device client; threaded=0; jobified=0
Direct3D:
    Version:  Direct3D 11.0 [level 11.1]
    Renderer: NVIDIA GeForce RTX 4070 (ID=0x2786)
    Vendor:   NVIDIA
    VRAM:     12012 MB
    Driver:   32.0.15.8129
Initialize mono
Mono path[0] = 'C:/Program Files/Unity/Hub/Editor/2022.3.30f1/Editor/Data/Managed'
Mono path[1] = 'C:/Program Files/Unity/Hub/Editor/2022.3.30f1/Editor/Data/MonoBleedingEdge/lib/mono/unityjit-win32'
Mono config path = 'C:/Program Files/Unity/Hub/Editor/2022.3.30f1/Editor/Data/MonoBleedingEdge/etc'
Using monoOptions --debugger-agent=transport=dt_socket,embedding=1,server=y,suspend=n,address=127.0.0.1:56664
Begin MonoManager ReloadAssembly
Registering precompiled unity dll's ...
Register platform support module: C:/Program Files/Unity/Hub/Editor/2022.3.30f1/Editor/Data/PlaybackEngines/WindowsStandaloneSupport/UnityEditor.WindowsStandalone.Extensions.dll
Registered in 0.004608 seconds.
- Loaded All Assemblies, in  0.199 seconds
Native extension for WindowsStandalone target not found
Mono: successfully reloaded assembly
- Finished resetting the current domain, in  0.148 seconds
Domain Reload Profiling: 346ms
	BeginReloadAssembly (65ms)
		ExecutionOrderSort (0ms)
		DisableScriptedObjects (0ms)
		BackupInstance (0ms)
		ReleaseScriptingObjects (0ms)
		CreateAndSetChildDomain (0ms)
	RebuildCommonClasses (19ms)
	RebuildNativeTypeToScriptingClass (5ms)
	initialDomainReloadingComplete (34ms)
	LoadAllAssembliesAndSetupDomain (75ms)
		LoadAssemblies (64ms)
		RebuildTransferFunctionScriptingTraits (0ms)
		AnalyzeDomain (74ms)
			TypeCache.Refresh (72ms)
				TypeCache.ScanAssembly (65ms)
			ScanForSourceGeneratedMonoScriptInfo (0ms)
			ResolveRequiredComponents (0ms)
	FinalizeReload (148ms)
		ReleaseScriptCaches (0ms)
		RebuildScriptCaches (0ms)
		SetupLoadedEditorAssemblies (115ms)
			LogAssemblyErrors (0ms)
			InitializePlatformSupportModulesInManaged (5ms)
			SetLoadedEditorAssemblies (4ms)
			RefreshPlugins (0ms)
			BeforeProcessingInitializeOnLoad (1ms)
			ProcessInitializeOnLoadAttributes (79ms)
			ProcessInitializeOnLoadMethodAttributes (25ms)
			AfterProcessingInitializeOnLoad (0ms)
			EditorAssembliesLoaded (0ms)
		ExecutionOrderSort2 (0ms)
		AwakeInstancesAfterBackupRestoration (0ms)
========================================================================
Worker process is ready to serve import requests
Begin MonoManager ReloadAssembly
- Loaded All Assemblies, in  0.346 seconds
Refreshing native plugins compatible for Editor in 2.32 ms, found 3 plugins.
Native extension for WindowsStandalone target not found
Mono: successfully reloaded assembly
- Finished resetting the current domain, in  0.312 seconds
Domain Reload Profiling: 656ms
	BeginReloadAssembly (82ms)
		ExecutionOrderSort (0ms)
		DisableScriptedObjects (3ms)
		BackupInstance (0ms)
		ReleaseScriptingObjects (0ms)
		CreateAndSetChildDomain (11ms)
	RebuildCommonClasses (18ms)
	RebuildNativeTypeToScriptingClass (5ms)
	initialDomainReloadingComplete (24ms)
	LoadAllAssembliesAndSetupDomain (215ms)
		LoadAssemblies (169ms)
		RebuildTransferFunctionScriptingTraits (0ms)
		AnalyzeDomain (95ms)
			TypeCache.Refresh (83ms)
				TypeCache.ScanAssembly (76ms)
			ScanForSourceGeneratedMonoScriptInfo (8ms)
			ResolveRequiredComponents (3ms)
	FinalizeReload (312ms)
		ReleaseScriptCaches (0ms)
		RebuildScriptCaches (0ms)
		SetupLoadedEditorAssemblies (233ms)
			LogAssemblyErrors (0ms)
			InitializePlatformSupportModulesInManaged (4ms)
			SetLoadedEditorAssemblies (2ms)
			RefreshPlugins (0ms)
			BeforeProcessingInitializeOnLoad (34ms)
			ProcessInitializeOnLoadAttributes (177ms)
			ProcessInitializeOnLoadMethodAttributes (12ms)
			AfterProcessingInitializeOnLoad (5ms)
			EditorAssembliesLoaded (0ms)
		ExecutionOrderSort2 (0ms)
		AwakeInstancesAfterBackupRestoration (4ms)
Launched and connected shader compiler UnityShaderCompiler.exe after 0.03 seconds
Refreshing native plugins compatible for Editor in 2.26 ms, found 3 plugins.
Preloading 0 native plugins for Editor in 0.00 ms.
Unloading 3299 Unused Serialized files (Serialized files now loaded: 0)
Unloading 35 unused Assets / (58.9 KB). Loaded Objects now: 3769.
Memory consumption went from 132.0 MB to 131.9 MB.
Total: 1.788800 ms (FindLiveObjects: 0.134700 ms CreateObjectMapping: 0.041900 ms MarkObjects: 1.540200 ms  DeleteObjects: 0.071600 ms)

AssetImportParameters requested are different than current active one (requested -> active):
  custom:container-demuxer-ogg: 62fdf1f143b41e24485cea50d1cbac27 -> 
  custom:video-codec-MediaFoundation-h265: 746d11721c4dcdbdad8f713fa42b33f4 -> 
  custom:video-decoder-ogg-theora: a1e56fd34408186e4bbccfd4996cb3dc -> 
  custom:framework-win-MediaFoundation: 216162199b28c13a410421893ffa2e32 -> 
  custom:CustomObjectIndexerAttribute: 9a22284fe3817be447336de3de66b15e -> 
  custom:container-demuxer-webm: 4f35f7cbe854078d1ac9338744f61a02 -> 
  custom:container-muxer-webm: aa71ff27fc2769a1b78a27578f13a17b -> 
  custom:video-decoder-webm-vp8: 9c59270c3fd7afecdb556c50c9e8de78 -> 
  custom:SearchIndexIgnoredProperties: e643bd26f0fe6173181afceb89e7c659 -> 
  custom:AudioImporter_EditorPlatform: d09bf68614088b80899f8185d706f6e7 -> 
  custom:video-encoder-webm-vp8: eb34c28f22e8b96e1ab97ce403110664 -> 
  custom:audio-decoder-ogg-vorbis: bf7c407c2cedff20999df2af8eb42d56 -> 
  custom:audio-encoder-webm-vorbis: bf7c407c2cedff20999df2af8eb42d56 -> 
========================================================================
Received Import Request.
  Time since last request: 208051.421335 seconds.
  path: Assets/Waypoints.cs
  artifactKey: Guid(771c3abedaf4d6a479a581949129b5f4) Importer(815301076,1909f56bfc062723c751e8b465ee728b)
Start importing Assets/Waypoints.cs using Guid(771c3abedaf4d6a479a581949129b5f4) Importer(815301076,1909f56bfc062723c751e8b465ee728b)  -> (artifact id: 'c5f5eb9a4624bb6fed73861de90230e9') in 0.001608 seconds
Number of updated asset objects reloaded before import = 0
Number of asset objects unloaded after import = 0
========================================================================
Received Prepare
Begin MonoManager ReloadAssembly
- Loaded All Assemblies, in  0.259 seconds
Refreshing native plugins compatible for Editor in 2.16 ms, found 3 plugins.
Native extension for WindowsStandalone target not found
Mono: successfully reloaded assembly
- Finished resetting the current domain, in  0.515 seconds
Domain Reload Profiling: 772ms
	BeginReloadAssembly (93ms)
		ExecutionOrderSort (0ms)
		DisableScriptedObjects (3ms)
		BackupInstance (0ms)
		ReleaseScriptingObjects (0ms)
		CreateAndSetChildDomain (18ms)
	RebuildCommonClasses (17ms)
	RebuildNativeTypeToScriptingClass (6ms)
	initialDomainReloadingComplete (17ms)
	LoadAllAssembliesAndSetupDomain (124ms)
		LoadAssemblies (165ms)
		RebuildTransferFunctionScriptingTraits (0ms)
		AnalyzeDomain (8ms)
			TypeCache.Refresh (4ms)
				TypeCache.ScanAssembly (0ms)
			ScanForSourceGeneratedMonoScriptInfo (0ms)
			ResolveRequiredComponents (3ms)
	FinalizeReload (515ms)
		ReleaseScriptCaches (0ms)
		RebuildScriptCaches (0ms)
		SetupLoadedEditorAssemblies (229ms)
			LogAssemblyErrors (0ms)
			InitializePlatformSupportModulesInManaged (4ms)
			SetLoadedEditorAssemblies (2ms)
			RefreshPlugins (0ms)
			BeforeProcessingInitializeOnLoad (36ms)
			ProcessInitializeOnLoadAttributes (170ms)
			ProcessInitializeOnLoadMethodAttributes (12ms)
			AfterProcessingInitializeOnLoad (5ms)
			EditorAssembliesLoaded (0ms)
		ExecutionOrderSort2 (0ms)
		AwakeInstancesAfterBackupRestoration (4ms)
Refreshing native plugins compatible for Editor in 2.56 ms, found 3 plugins.
Preloading 0 native plugins for Editor in 0.00 ms.
Unloading 3275 Unused Serialized files (Serialized files now loaded: 0)
Unloading 26 unused Assets / (31.6 KB). Loaded Objects now: 3772.
Memory consumption went from 127.0 MB to 127.0 MB.
Total: 1.932700 ms (FindLiveObjects: 0.153000 ms CreateObjectMapping: 0.044200 ms MarkObjects: 1.704200 ms  DeleteObjects: 0.030500 ms)

Prepare: number of updated asset objects reloaded= 0
AssetImportParameters requested are different than current active one (requested -> active):
  custom:container-demuxer-ogg: 62fdf1f143b41e24485cea50d1cbac27 -> 
  custom:video-codec-MediaFoundation-h265: 746d11721c4dcdbdad8f713fa42b33f4 -> 
  custom:video-decoder-ogg-theora: a1e56fd34408186e4bbccfd4996cb3dc -> 
  custom:framework-win-MediaFoundation: 216162199b28c13a410421893ffa2e32 -> 
  custom:CustomObjectIndexerAttribute: 9a22284fe3817be447336de3de66b15e -> 
  custom:container-demuxer-webm: 4f35f7cbe854078d1ac9338744f61a02 -> 
  custom:container-muxer-webm: aa71ff27fc2769a1b78a27578f13a17b -> 
  custom:video-decoder-webm-vp8: 9c59270c3fd7afecdb556c50c9e8de78 -> 
  custom:SearchIndexIgnoredProperties: e643bd26f0fe6173181afceb89e7c659 -> 
  custom:AudioImporter_EditorPlatform: d09bf68614088b80899f8185d706f6e7 -> 
  custom:video-encoder-webm-vp8: eb34c28f22e8b96e1ab97ce403110664 -> 
  custom:audio-decoder-ogg-vorbis: bf7c407c2cedff20999df2af8eb42d56 -> 
  custom:audio-encoder-webm-vorbis: bf7c407c2cedff20999df2af8eb42d56 -> 
========================================================================
Received Prepare
Begin MonoManager ReloadAssembly
- Loaded All Assemblies, in  0.302 seconds
Refreshing native plugins compatible for Editor in 4.40 ms, found 3 plugins.
Native extension for WindowsStandalone target not found
Mono: successfully reloaded assembly
- Finished resetting the current domain, in  0.654 seconds
Domain Reload Profiling: 955ms
	BeginReloadAssembly (128ms)
		ExecutionOrderSort (0ms)
		DisableScriptedObjects (3ms)
		BackupInstance (0ms)
		ReleaseScriptingObjects (0ms)
		CreateAndSetChildDomain (22ms)
	RebuildCommonClasses (22ms)
	RebuildNativeTypeToScriptingClass (10ms)
	initialDomainReloadingComplete (19ms)
	LoadAllAssembliesAndSetupDomain (122ms)
		LoadAssemblies (181ms)
		RebuildTransferFunctionScriptingTraits (0ms)
		AnalyzeDomain (13ms)
			TypeCache.Refresh (5ms)
				TypeCache.ScanAssembly (0ms)
			ScanForSourceGeneratedMonoScriptInfo (4ms)
			ResolveRequiredComponents (3ms)
	FinalizeReload (654ms)
		ReleaseScriptCaches (0ms)
		RebuildScriptCaches (0ms)
		SetupLoadedEditorAssemblies (221ms)
			LogAssemblyErrors (0ms)
			InitializePlatformSupportModulesInManaged (3ms)
			SetLoadedEditorAssemblies (2ms)
			RefreshPlugins (0ms)
			BeforeProcessingInitializeOnLoad (38ms)
			ProcessInitializeOnLoadAttributes (164ms)
			ProcessInitializeOnLoadMethodAttributes (10ms)
			AfterProcessingInitializeOnLoad (4ms)
			EditorAssembliesLoaded (0ms)
		ExecutionOrderSort2 (0ms)
		AwakeInstancesAfterBackupRestoration (4ms)
Refreshing native plugins compatible for Editor in 1.76 ms, found 3 plugins.
Preloading 0 native plugins for Editor in 0.00 ms.
Unloading 3276 Unused Serialized files (Serialized files now loaded: 0)
Unloading 26 unused Assets / (31.7 KB). Loaded Objects now: 3775.
Memory consumption went from 127.3 MB to 127.2 MB.
Total: 1.727900 ms (FindLiveObjects: 0.141600 ms CreateObjectMapping: 0.109100 ms MarkObjects: 1.441400 ms  DeleteObjects: 0.035200 ms)

Prepare: number of updated asset objects reloaded= 0
AssetImportParameters requested are different than current active one (requested -> active):
  custom:container-demuxer-ogg: 62fdf1f143b41e24485cea50d1cbac27 -> 
  custom:video-codec-MediaFoundation-h265: 746d11721c4dcdbdad8f713fa42b33f4 -> 
  custom:video-decoder-ogg-theora: a1e56fd34408186e4bbccfd4996cb3dc -> 
  custom:framework-win-MediaFoundation: 216162199b28c13a410421893ffa2e32 -> 
  custom:CustomObjectIndexerAttribute: 9a22284fe3817be447336de3de66b15e -> 
  custom:container-demuxer-webm: 4f35f7cbe854078d1ac9338744f61a02 -> 
  custom:container-muxer-webm: aa71ff27fc2769a1b78a27578f13a17b -> 
  custom:video-decoder-webm-vp8: 9c59270c3fd7afecdb556c50c9e8de78 -> 
  custom:SearchIndexIgnoredProperties: e643bd26f0fe6173181afceb89e7c659 -> 
  custom:AudioImporter_EditorPlatform: d09bf68614088b80899f8185d706f6e7 -> 
  custom:video-encoder-webm-vp8: eb34c28f22e8b96e1ab97ce403110664 -> 
  custom:audio-decoder-ogg-vorbis: bf7c407c2cedff20999df2af8eb42d56 -> 
  custom:audio-encoder-webm-vorbis: bf7c407c2cedff20999df2af8eb42d56 -> 
========================================================================
Received Prepare
Begin MonoManager ReloadAssembly
- Loaded All Assemblies, in  0.289 seconds
Refreshing native plugins compatible for Editor in 1.88 ms, found 3 plugins.
Native extension for WindowsStandalone target not found
Mono: successfully reloaded assembly
- Finished resetting the current domain, in  0.526 seconds
Domain Reload Profiling: 813ms
	BeginReloadAssembly (111ms)
		ExecutionOrderSort (0ms)
		DisableScriptedObjects (4ms)
		BackupInstance (0ms)
		ReleaseScriptingObjects (0ms)
		CreateAndSetChildDomain (21ms)
	RebuildCommonClasses (20ms)
	RebuildNativeTypeToScriptingClass (13ms)
	initialDomainReloadingComplete (17ms)
	LoadAllAssembliesAndSetupDomain (126ms)
		LoadAssemblies (171ms)
		RebuildTransferFunctionScriptingTraits (0ms)
		AnalyzeDomain (19ms)
			TypeCache.Refresh (8ms)
				TypeCache.ScanAssembly (1ms)
			ScanForSourceGeneratedMonoScriptInfo (6ms)
			ResolveRequiredComponents (5ms)
	FinalizeReload (526ms)
		ReleaseScriptCaches (0ms)
		RebuildScriptCaches (0ms)
		SetupLoadedEditorAssemblies (216ms)
			LogAssemblyErrors (0ms)
			InitializePlatformSupportModulesInManaged (4ms)
			SetLoadedEditorAssemblies (2ms)
			RefreshPlugins (0ms)
			BeforeProcessingInitializeOnLoad (36ms)
			ProcessInitializeOnLoadAttributes (159ms)
			ProcessInitializeOnLoadMethodAttributes (10ms)
			AfterProcessingInitializeOnLoad (4ms)
			EditorAssembliesLoaded (0ms)
		ExecutionOrderSort2 (0ms)
		AwakeInstancesAfterBackupRestoration (4ms)
Refreshing native plugins compatible for Editor in 1.86 ms, found 3 plugins.
Preloading 0 native plugins for Editor in 0.00 ms.
Unloading 3276 Unused Serialized files (Serialized files now loaded: 0)
Unloading 26 unused Assets / (31.7 KB). Loaded Objects now: 3778.
Memory consumption went from 127.3 MB to 127.2 MB.
Total: 2.251700 ms (FindLiveObjects: 0.136100 ms CreateObjectMapping: 0.041600 ms MarkObjects: 2.045500 ms  DeleteObjects: 0.028000 ms)

Prepare: number of updated asset objects reloaded= 0
AssetImportParameters requested are different than current active one (requested -> active):
  custom:container-demuxer-ogg: 62fdf1f143b41e24485cea50d1cbac27 -> 
  custom:video-codec-MediaFoundation-h265: 746d11721c4dcdbdad8f713fa42b33f4 -> 
  custom:video-decoder-ogg-theora: a1e56fd34408186e4bbccfd4996cb3dc -> 
  custom:framework-win-MediaFoundation: 216162199b28c13a410421893ffa2e32 -> 
  custom:CustomObjectIndexerAttribute: 9a22284fe3817be447336de3de66b15e -> 
  custom:container-demuxer-webm: 4f35f7cbe854078d1ac9338744f61a02 -> 
  custom:container-muxer-webm: aa71ff27fc2769a1b78a27578f13a17b -> 
  custom:video-decoder-webm-vp8: 9c59270c3fd7afecdb556c50c9e8de78 -> 
  custom:SearchIndexIgnoredProperties: e643bd26f0fe6173181afceb89e7c659 -> 
  custom:AudioImporter_EditorPlatform: d09bf68614088b80899f8185d706f6e7 -> 
  custom:video-encoder-webm-vp8: eb34c28f22e8b96e1ab97ce403110664 -> 
  custom:audio-decoder-ogg-vorbis: bf7c407c2cedff20999df2af8eb42d56 -> 
  custom:audio-encoder-webm-vorbis: bf7c407c2cedff20999df2af8eb42d56 -> 
========================================================================
Received Prepare
Begin MonoManager ReloadAssembly
- Loaded All Assemblies, in  0.252 seconds
Refreshing native plugins compatible for Editor in 2.41 ms, found 3 plugins.
Native extension for WindowsStandalone target not found
Mono: successfully reloaded assembly
- Finished resetting the current domain, in  0.508 seconds
Domain Reload Profiling: 759ms
	BeginReloadAssembly (90ms)
		ExecutionOrderSort (0ms)
		DisableScriptedObjects (3ms)
		BackupInstance (0ms)
		ReleaseScriptingObjects (0ms)
		CreateAndSetChildDomain (16ms)
	RebuildCommonClasses (18ms)
	RebuildNativeTypeToScriptingClass (6ms)
	initialDomainReloadingComplete (17ms)
	LoadAllAssembliesAndSetupDomain (121ms)
		LoadAssemblies (160ms)
		RebuildTransferFunctionScriptingTraits (0ms)
		AnalyzeDomain (9ms)
			TypeCache.Refresh (4ms)
				TypeCache.ScanAssembly (0ms)
			ScanForSourceGeneratedMonoScriptInfo (0ms)
			ResolveRequiredComponents (3ms)
	FinalizeReload (509ms)
		ReleaseScriptCaches (0ms)
		RebuildScriptCaches (0ms)
		SetupLoadedEditorAssemblies (228ms)
			LogAssemblyErrors (0ms)
			InitializePlatformSupportModulesInManaged (4ms)
			SetLoadedEditorAssemblies (2ms)
			RefreshPlugins (0ms)
			BeforeProcessingInitializeOnLoad (35ms)
			ProcessInitializeOnLoadAttributes (170ms)
			ProcessInitializeOnLoadMethodAttributes (12ms)
			AfterProcessingInitializeOnLoad (5ms)
			EditorAssembliesLoaded (0ms)
		ExecutionOrderSort2 (0ms)
		AwakeInstancesAfterBackupRestoration (5ms)
Refreshing native plugins compatible for Editor in 2.21 ms, found 3 plugins.
Preloading 0 native plugins for Editor in 0.00 ms.
Unloading 3276 Unused Serialized files (Serialized files now loaded: 0)
Unloading 26 unused Assets / (31.7 KB). Loaded Objects now: 3781.
Memory consumption went from 127.3 MB to 127.2 MB.
Total: 1.689600 ms (FindLiveObjects: 0.134700 ms CreateObjectMapping: 0.044800 ms MarkObjects: 1.443300 ms  DeleteObjects: 0.065900 ms)

Prepare: number of updated asset objects reloaded= 0
AssetImportParameters requested are different than current active one (requested -> active):
  custom:container-demuxer-ogg: 62fdf1f143b41e24485cea50d1cbac27 -> 
  custom:video-codec-MediaFoundation-h265: 746d11721c4dcdbdad8f713fa42b33f4 -> 
  custom:video-decoder-ogg-theora: a1e56fd34408186e4bbccfd4996cb3dc -> 
  custom:framework-win-MediaFoundation: 216162199b28c13a410421893ffa2e32 -> 
  custom:CustomObjectIndexerAttribute: 9a22284fe3817be447336de3de66b15e -> 
  custom:container-demuxer-webm: 4f35f7cbe854078d1ac9338744f61a02 -> 
  custom:container-muxer-webm: aa71ff27fc2769a1b78a27578f13a17b -> 
  custom:video-decoder-webm-vp8: 9c59270c3fd7afecdb556c50c9e8de78 -> 
  custom:SearchIndexIgnoredProperties: e643bd26f0fe6173181afceb89e7c659 -> 
  custom:AudioImporter_EditorPlatform: d09bf68614088b80899f8185d706f6e7 -> 
  custom:video-encoder-webm-vp8: eb34c28f22e8b96e1ab97ce403110664 -> 
  custom:audio-decoder-ogg-vorbis: bf7c407c2cedff20999df2af8eb42d56 -> 
  custom:audio-encoder-webm-vorbis: bf7c407c2cedff20999df2af8eb42d56 -> 
========================================================================
Received Prepare
Begin MonoManager ReloadAssembly
- Loaded All Assemblies, in  0.334 seconds
Refreshing native plugins compatible for Editor in 2.95 ms, found 3 plugins.
Native extension for WindowsStandalone target not found
Mono: successfully reloaded assembly
- Finished resetting the current domain, in  0.682 seconds
Domain Reload Profiling: 1014ms
	BeginReloadAssembly (137ms)
		ExecutionOrderSort (0ms)
		DisableScriptedObjects (5ms)
		BackupInstance (0ms)
		ReleaseScriptingObjects (0ms)
		CreateAndSetChildDomain (22ms)
	RebuildCommonClasses (21ms)
	RebuildNativeTypeToScriptingClass (7ms)
	initialDomainReloadingComplete (17ms)
	LoadAllAssembliesAndSetupDomain (150ms)
		LoadAssemblies (213ms)
		RebuildTransferFunctionScriptingTraits (0ms)
		AnalyzeDomain (21ms)
			TypeCache.Refresh (8ms)
				TypeCache.ScanAssembly (1ms)
			ScanForSourceGeneratedMonoScriptInfo (6ms)
			ResolveRequiredComponents (5ms)
	FinalizeReload (683ms)
		ReleaseScriptCaches (0ms)
		RebuildScriptCaches (0ms)
		SetupLoadedEditorAssemblies (224ms)
			LogAssemblyErrors (0ms)
			InitializePlatformSupportModulesInManaged (4ms)
			SetLoadedEditorAssemblies (2ms)
			RefreshPlugins (0ms)
			BeforeProcessingInitializeOnLoad (31ms)
			ProcessInitializeOnLoadAttributes (172ms)
			ProcessInitializeOnLoadMethodAttributes (10ms)
			AfterProcessingInitializeOnLoad (4ms)
			EditorAssembliesLoaded (0ms)
		ExecutionOrderSort2 (0ms)
		AwakeInstancesAfterBackupRestoration (3ms)
Refreshing native plugins compatible for Editor in 4.23 ms, found 3 plugins.
Preloading 0 native plugins for Editor in 0.00 ms.
Unloading 3276 Unused Serialized files (Serialized files now loaded: 0)
Unloading 26 unused Assets / (31.7 KB). Loaded Objects now: 3784.
Memory consumption went from 127.3 MB to 127.2 MB.
Total: 1.749500 ms (FindLiveObjects: 0.125900 ms CreateObjectMapping: 0.033600 ms MarkObjects: 1.560100 ms  DeleteObjects: 0.029300 ms)

Prepare: number of updated asset objects reloaded= 0
AssetImportParameters requested are different than current active one (requested -> active):
  custom:container-demuxer-ogg: 62fdf1f143b41e24485cea50d1cbac27 -> 
  custom:video-codec-MediaFoundation-h265: 746d11721c4dcdbdad8f713fa42b33f4 -> 
  custom:video-decoder-ogg-theora: a1e56fd34408186e4bbccfd4996cb3dc -> 
  custom:framework-win-MediaFoundation: 216162199b28c13a410421893ffa2e32 -> 
  custom:CustomObjectIndexerAttribute: 9a22284fe3817be447336de3de66b15e -> 
  custom:container-demuxer-webm: 4f35f7cbe854078d1ac9338744f61a02 -> 
  custom:container-muxer-webm: aa71ff27fc2769a1b78a27578f13a17b -> 
  custom:video-decoder-webm-vp8: 9c59270c3fd7afecdb556c50c9e8de78 -> 
  custom:SearchIndexIgnoredProperties: e643bd26f0fe6173181afceb89e7c659 -> 
  custom:AudioImporter_EditorPlatform: d09bf68614088b80899f8185d706f6e7 -> 
  custom:video-encoder-webm-vp8: eb34c28f22e8b96e1ab97ce403110664 -> 
  custom:audio-decoder-ogg-vorbis: bf7c407c2cedff20999df2af8eb42d56 -> 
  custom:audio-encoder-webm-vorbis: bf7c407c2cedff20999df2af8eb42d56 -> 
========================================================================
Received Prepare
Begin MonoManager ReloadAssembly
- Loaded All Assemblies, in  0.276 seconds
Refreshing native plugins compatible for Editor in 2.98 ms, found 3 plugins.
Native extension for WindowsStandalone target not found
Mono: successfully reloaded assembly
- Finished resetting the current domain, in  0.725 seconds
Domain Reload Profiling: 999ms
	BeginReloadAssembly (96ms)
		ExecutionOrderSort (0ms)
		DisableScriptedObjects (3ms)
		BackupInstance (0ms)
		ReleaseScriptingObjects (0ms)
		CreateAndSetChildDomain (20ms)
	RebuildCommonClasses (19ms)
	RebuildNativeTypeToScriptingClass (6ms)
	initialDomainReloadingComplete (20ms)
	LoadAllAssembliesAndSetupDomain (133ms)
		LoadAssemblies (165ms)
		RebuildTransferFunctionScriptingTraits (0ms)
		AnalyzeDomain (19ms)
			TypeCache.Refresh (7ms)
				TypeCache.ScanAssembly (1ms)
			ScanForSourceGeneratedMonoScriptInfo (5ms)
			ResolveRequiredComponents (5ms)
	FinalizeReload (725ms)
		ReleaseScriptCaches (0ms)
		RebuildScriptCaches (0ms)
		SetupLoadedEditorAssemblies (224ms)
			LogAssemblyErrors (0ms)
			InitializePlatformSupportModulesInManaged (6ms)
			SetLoadedEditorAssemblies (2ms)
			RefreshPlugins (0ms)
			BeforeProcessingInitializeOnLoad (33ms)
			ProcessInitializeOnLoadAttributes (169ms)
			ProcessInitializeOnLoadMethodAttributes (10ms)
			AfterProcessingInitializeOnLoad (4ms)
			EditorAssembliesLoaded (0ms)
		ExecutionOrderSort2 (0ms)
		AwakeInstancesAfterBackupRestoration (4ms)
Refreshing native plugins compatible for Editor in 5.05 ms, found 3 plugins.
Preloading 0 native plugins for Editor in 0.00 ms.
Unloading 3276 Unused Serialized files (Serialized files now loaded: 0)
Unloading 26 unused Assets / (31.7 KB). Loaded Objects now: 3787.
Memory consumption went from 127.3 MB to 127.2 MB.
Total: 2.121000 ms (FindLiveObjects: 0.212300 ms CreateObjectMapping: 0.076600 ms MarkObjects: 1.800500 ms  DeleteObjects: 0.031000 ms)

Prepare: number of updated asset objects reloaded= 0
AssetImportParameters requested are different than current active one (requested -> active):
  custom:container-demuxer-ogg: 62fdf1f143b41e24485cea50d1cbac27 -> 
  custom:video-codec-MediaFoundation-h265: 746d11721c4dcdbdad8f713fa42b33f4 -> 
  custom:video-decoder-ogg-theora: a1e56fd34408186e4bbccfd4996cb3dc -> 
  custom:framework-win-MediaFoundation: 216162199b28c13a410421893ffa2e32 -> 
  custom:CustomObjectIndexerAttribute: 9a22284fe3817be447336de3de66b15e -> 
  custom:container-demuxer-webm: 4f35f7cbe854078d1ac9338744f61a02 -> 
  custom:container-muxer-webm: aa71ff27fc2769a1b78a27578f13a17b -> 
  custom:video-decoder-webm-vp8: 9c59270c3fd7afecdb556c50c9e8de78 -> 
  custom:SearchIndexIgnoredProperties: e643bd26f0fe6173181afceb89e7c659 -> 
  custom:AudioImporter_EditorPlatform: d09bf68614088b80899f8185d706f6e7 -> 
  custom:video-encoder-webm-vp8: eb34c28f22e8b96e1ab97ce403110664 -> 
  custom:audio-decoder-ogg-vorbis: bf7c407c2cedff20999df2af8eb42d56 -> 
  custom:audio-encoder-webm-vorbis: bf7c407c2cedff20999df2af8eb42d56 -> 
========================================================================
Received Prepare
Begin MonoManager ReloadAssembly
- Loaded All Assemblies, in  0.254 seconds
Refreshing native plugins compatible for Editor in 2.22 ms, found 3 plugins.
Native extension for WindowsStandalone target not found
Mono: successfully reloaded assembly
- Finished resetting the current domain, in  0.523 seconds
Domain Reload Profiling: 775ms
	BeginReloadAssembly (91ms)
		ExecutionOrderSort (0ms)
		DisableScriptedObjects (3ms)
		BackupInstance (0ms)
		ReleaseScriptingObjects (0ms)
		CreateAndSetChildDomain (18ms)
	RebuildCommonClasses (18ms)
	RebuildNativeTypeToScriptingClass (6ms)
	initialDomainReloadingComplete (16ms)
	LoadAllAssembliesAndSetupDomain (121ms)
		LoadAssemblies (161ms)
		RebuildTransferFunctionScriptingTraits (0ms)
		AnalyzeDomain (9ms)
			TypeCache.Refresh (4ms)
				TypeCache.ScanAssembly (0ms)
			ScanForSourceGeneratedMonoScriptInfo (0ms)
			ResolveRequiredComponents (3ms)
	FinalizeReload (523ms)
		ReleaseScriptCaches (0ms)
		RebuildScriptCaches (0ms)
		SetupLoadedEditorAssemblies (231ms)
			LogAssemblyErrors (0ms)
			InitializePlatformSupportModulesInManaged (4ms)
			SetLoadedEditorAssemblies (2ms)
			RefreshPlugins (0ms)
			BeforeProcessingInitializeOnLoad (36ms)
			ProcessInitializeOnLoadAttributes (171ms)
			ProcessInitializeOnLoadMethodAttributes (13ms)
			AfterProcessingInitializeOnLoad (4ms)
			EditorAssembliesLoaded (0ms)
		ExecutionOrderSort2 (0ms)
		AwakeInstancesAfterBackupRestoration (5ms)
Refreshing native plugins compatible for Editor in 3.27 ms, found 3 plugins.
Preloading 0 native plugins for Editor in 0.00 ms.
Unloading 3276 Unused Serialized files (Serialized files now loaded: 0)
Unloading 26 unused Assets / (31.6 KB). Loaded Objects now: 3790.
Memory consumption went from 127.3 MB to 127.2 MB.
Total: 1.788300 ms (FindLiveObjects: 0.130700 ms CreateObjectMapping: 0.037300 ms MarkObjects: 1.588300 ms  DeleteObjects: 0.031500 ms)

Prepare: number of updated asset objects reloaded= 0
AssetImportParameters requested are different than current active one (requested -> active):
  custom:container-demuxer-ogg: 62fdf1f143b41e24485cea50d1cbac27 -> 
  custom:video-codec-MediaFoundation-h265: 746d11721c4dcdbdad8f713fa42b33f4 -> 
  custom:video-decoder-ogg-theora: a1e56fd34408186e4bbccfd4996cb3dc -> 
  custom:framework-win-MediaFoundation: 216162199b28c13a410421893ffa2e32 -> 
  custom:CustomObjectIndexerAttribute: 9a22284fe3817be447336de3de66b15e -> 
  custom:container-demuxer-webm: 4f35f7cbe854078d1ac9338744f61a02 -> 
  custom:container-muxer-webm: aa71ff27fc2769a1b78a27578f13a17b -> 
  custom:video-decoder-webm-vp8: 9c59270c3fd7afecdb556c50c9e8de78 -> 
  custom:SearchIndexIgnoredProperties: e643bd26f0fe6173181afceb89e7c659 -> 
  custom:AudioImporter_EditorPlatform: d09bf68614088b80899f8185d706f6e7 -> 
  custom:video-encoder-webm-vp8: eb34c28f22e8b96e1ab97ce403110664 -> 
  custom:audio-decoder-ogg-vorbis: bf7c407c2cedff20999df2af8eb42d56 -> 
  custom:audio-encoder-webm-vorbis: bf7c407c2cedff20999df2af8eb42d56 -> 
========================================================================
Received Prepare
Begin MonoManager ReloadAssembly
- Loaded All Assemblies, in  0.270 seconds
Refreshing native plugins compatible for Editor in 2.45 ms, found 3 plugins.
Native extension for WindowsStandalone target not found
Mono: successfully reloaded assembly
- Finished resetting the current domain, in  0.529 seconds
Domain Reload Profiling: 798ms
	BeginReloadAssembly (95ms)
		ExecutionOrderSort (0ms)
		DisableScriptedObjects (3ms)
		BackupInstance (0ms)
		ReleaseScriptingObjects (0ms)
		CreateAndSetChildDomain (19ms)
	RebuildCommonClasses (18ms)
	RebuildNativeTypeToScriptingClass (6ms)
	initialDomainReloadingComplete (17ms)
	LoadAllAssembliesAndSetupDomain (133ms)
		LoadAssemblies (168ms)
		RebuildTransferFunctionScriptingTraits (0ms)
		AnalyzeDomain (15ms)
			TypeCache.Refresh (6ms)
				TypeCache.ScanAssembly (1ms)
			ScanForSourceGeneratedMonoScriptInfo (4ms)
			ResolveRequiredComponents (4ms)
	FinalizeReload (529ms)
		ReleaseScriptCaches (0ms)
		RebuildScriptCaches (0ms)
		SetupLoadedEditorAssemblies (222ms)
			LogAssemblyErrors (0ms)
			InitializePlatformSupportModulesInManaged (4ms)
			SetLoadedEditorAssemblies (2ms)
			RefreshPlugins (0ms)
			BeforeProcessingInitializeOnLoad (34ms)
			ProcessInitializeOnLoadAttributes (165ms)
			ProcessInitializeOnLoadMethodAttributes (12ms)
			AfterProcessingInitializeOnLoad (5ms)
			EditorAssembliesLoaded (0ms)
		ExecutionOrderSort2 (0ms)
		AwakeInstancesAfterBackupRestoration (5ms)
Refreshing native plugins compatible for Editor in 1.99 ms, found 3 plugins.
Preloading 0 native plugins for Editor in 0.00 ms.
Unloading 3282 Unused Serialized files (Serialized files now loaded: 0)
Unloading 26 unused Assets / (31.7 KB). Loaded Objects now: 3799.
Memory consumption went from 127.4 MB to 127.4 MB.
Total: 1.693600 ms (FindLiveObjects: 0.132100 ms CreateObjectMapping: 0.038700 ms MarkObjects: 1.492300 ms  DeleteObjects: 0.030000 ms)

Prepare: number of updated asset objects reloaded= 0
AssetImportParameters requested are different than current active one (requested -> active):
  custom:container-demuxer-ogg: 62fdf1f143b41e24485cea50d1cbac27 -> 
  custom:video-codec-MediaFoundation-h265: 746d11721c4dcdbdad8f713fa42b33f4 -> 
  custom:video-decoder-ogg-theora: a1e56fd34408186e4bbccfd4996cb3dc -> 
  custom:framework-win-MediaFoundation: 216162199b28c13a410421893ffa2e32 -> 
  custom:CustomObjectIndexerAttribute: 9a22284fe3817be447336de3de66b15e -> 
  custom:container-demuxer-webm: 4f35f7cbe854078d1ac9338744f61a02 -> 
  custom:container-muxer-webm: aa71ff27fc2769a1b78a27578f13a17b -> 
  custom:video-decoder-webm-vp8: 9c59270c3fd7afecdb556c50c9e8de78 -> 
  custom:SearchIndexIgnoredProperties: e643bd26f0fe6173181afceb89e7c659 -> 
  custom:AudioImporter_EditorPlatform: d09bf68614088b80899f8185d706f6e7 -> 
  custom:video-encoder-webm-vp8: eb34c28f22e8b96e1ab97ce403110664 -> 
  custom:audio-decoder-ogg-vorbis: bf7c407c2cedff20999df2af8eb42d56 -> 
  custom:audio-encoder-webm-vorbis: bf7c407c2cedff20999df2af8eb42d56 -> 
========================================================================
Received Import Request.
  Time since last request: 3509.181891 seconds.
  path: Assets/Piloto Studio/Campfire And Torches Pack/README_PILOTO STUDIO.asset
  artifactKey: Guid(1d5cf676450bd8e4390decf6d94dc22b) Importer(815301076,1909f56bfc062723c751e8b465ee728b)
Start importing Assets/Piloto Studio/Campfire And Torches Pack/README_PILOTO STUDIO.asset using Guid(1d5cf676450bd8e4390decf6d94dc22b) Importer(815301076,1909f56bfc062723c751e8b465ee728b)  -> (artifact id: '20bb7248bf0cd9d590bae5d8e8badcb6') in 0.022511 seconds
Number of updated asset objects reloaded before import = 0
Number of asset objects unloaded after import = 2
========================================================================
Received Import Request.
  Time since last request: 2.011675 seconds.
  path: Assets/Piloto Studio/Campfire And Torches Pack/Prefabs
  artifactKey: Guid(2449a711edc25754197cb84e1a6d58ed) Importer(815301076,1909f56bfc062723c751e8b465ee728b)
Start importing Assets/Piloto Studio/Campfire And Torches Pack/Prefabs using Guid(2449a711edc25754197cb84e1a6d58ed) Importer(815301076,1909f56bfc062723c751e8b465ee728b)  -> (artifact id: '6944f96e764119e0bffa106ccb079652') in 0.000361 seconds
Number of updated asset objects reloaded before import = 0
Number of asset objects unloaded after import = 0
========================================================================
Received Import Request.
  Time since last request: 0.077392 seconds.
  path: Assets/Piloto Studio/Campfire And Torches Pack/Prefabs/SM_campfire_001.prefab
  artifactKey: Guid(08183bb2c5c52cc4c9e4c46a92b604f6) Importer(815301076,1909f56bfc062723c751e8b465ee728b)
Start importing Assets/Piloto Studio/Campfire And Torches Pack/Prefabs/SM_campfire_001.prefab using Guid(08183bb2c5c52cc4c9e4c46a92b604f6) Importer(815301076,1909f56bfc062723c751e8b465ee728b)  -> (artifact id: '9231310bc7d0e54524ccd44cbb16cd05') in 0.057887 seconds
Number of updated asset objects reloaded before import = 0
Number of asset objects unloaded after import = 8
========================================================================
Received Import Request.
  Time since last request: 0.000012 seconds.
  path: Assets/Piloto Studio/Campfire And Torches Pack/Prefabs/SM_campfire_004_AmbienceFX.prefab
  artifactKey: Guid(194b466341f67e04596e227afc37c90b) Importer(815301076,1909f56bfc062723c751e8b465ee728b)
Start importing Assets/Piloto Studio/Campfire And Torches Pack/Prefabs/SM_campfire_004_AmbienceFX.prefab using Guid(194b466341f67e04596e227afc37c90b) Importer(815301076,1909f56bfc062723c751e8b465ee728b)  -> (artifact id: '71b49d9899a58df42cb8ea529bce45c4') in 0.021503 seconds
Number of updated asset objects reloaded before import = 0
Number of asset objects unloaded after import = 50
========================================================================
Received Import Request.
  Time since last request: 0.000017 seconds.
  path: Assets/Piloto Studio/Campfire And Torches Pack/Prefabs/SM_campfire_003_AmbienceFX.prefab
  artifactKey: Guid(e216627273e5b3e488e02c547ae35664) Importer(815301076,1909f56bfc062723c751e8b465ee728b)
Start importing Assets/Piloto Studio/Campfire And Torches Pack/Prefabs/SM_campfire_003_AmbienceFX.prefab using Guid(e216627273e5b3e488e02c547ae35664) Importer(815301076,1909f56bfc062723c751e8b465ee728b)  -> (artifact id: 'cfbd6d430090ef0223f6133f94533cdf') in 0.021080 seconds
Number of updated asset objects reloaded before import = 0
Number of asset objects unloaded after import = 45
========================================================================
Received Import Request.
  Time since last request: 0.000011 seconds.
  path: Assets/Piloto Studio/Campfire And Torches Pack/Prefabs/SM_trashcan_001.prefab
  artifactKey: Guid(96c186cabf0e2f94ba02d320a5b7acea) Importer(815301076,1909f56bfc062723c751e8b465ee728b)
Start importing Assets/Piloto Studio/Campfire And Torches Pack/Prefabs/SM_trashcan_001.prefab using Guid(96c186cabf0e2f94ba02d320a5b7acea) Importer(815301076,1909f56bfc062723c751e8b465ee728b)  -> (artifact id: '7e7cd3a7e098a2f3e8effd04ddfe9ef9') in 0.018140 seconds
Number of updated asset objects reloaded before import = 0
Number of asset objects unloaded after import = 8
========================================================================
Received Import Request.
  Time since last request: 0.000010 seconds.
  path: Assets/Piloto Studio/Campfire And Torches Pack/Prefabs/SM_planks_001_AmbienceFX.prefab
  artifactKey: Guid(25c73e10777eb9b4d9a653b3c61d4f6c) Importer(815301076,1909f56bfc062723c751e8b465ee728b)
Start importing Assets/Piloto Studio/Campfire And Torches Pack/Prefabs/SM_planks_001_AmbienceFX.prefab using Guid(25c73e10777eb9b4d9a653b3c61d4f6c) Importer(815301076,1909f56bfc062723c751e8b465ee728b)  -> (artifact id: '3774f496cc8d2f61b6a85b68ce165c2b') in 0.035599 seconds
Number of updated asset objects reloaded before import = 0
Number of asset objects unloaded after import = 43
========================================================================
Received Import Request.
  Time since last request: 0.000010 seconds.
  path: Assets/Piloto Studio/Campfire And Torches Pack/Prefabs/SM_props_candle_01_AmbienceFX.prefab
  artifactKey: Guid(fcdfd52848ea62e419f1dc9237325b1e) Importer(815301076,1909f56bfc062723c751e8b465ee728b)
Start importing Assets/Piloto Studio/Campfire And Torches Pack/Prefabs/SM_props_candle_01_AmbienceFX.prefab using Guid(fcdfd52848ea62e419f1dc9237325b1e) Importer(815301076,1909f56bfc062723c751e8b465ee728b)  -> (artifact id: '8772400f1fe91707929f607b37eefc4c') in 0.013714 seconds
Number of updated asset objects reloaded before import = 0
Number of asset objects unloaded after import = 29
========================================================================
Received Import Request.
  Time since last request: 0.000010 seconds.
  path: Assets/Piloto Studio/Campfire And Torches Pack/Prefabs/SM_irontorch_003_AmbienceFX.prefab
  artifactKey: Guid(2fa6be46c81c7fe459c9b54658d64e80) Importer(815301076,1909f56bfc062723c751e8b465ee728b)
Start importing Assets/Piloto Studio/Campfire And Torches Pack/Prefabs/SM_irontorch_003_AmbienceFX.prefab using Guid(2fa6be46c81c7fe459c9b54658d64e80) Importer(815301076,1909f56bfc062723c751e8b465ee728b)  -> (artifact id: '0d73a0ec3106eaf2283182c3e669545e') in 0.017376 seconds
Number of updated asset objects reloaded before import = 0
Number of asset objects unloaded after import = 38
========================================================================
Received Import Request.
  Time since last request: 0.000011 seconds.
  path: Assets/Piloto Studio/Campfire And Torches Pack/Prefabs/SM_trashcan_001_AmbienceFX.prefab
  artifactKey: Guid(e44b755a6c7359a44be4bf49b7b04dca) Importer(815301076,1909f56bfc062723c751e8b465ee728b)
Start importing Assets/Piloto Studio/Campfire And Torches Pack/Prefabs/SM_trashcan_001_AmbienceFX.prefab using Guid(e44b755a6c7359a44be4bf49b7b04dca) Importer(815301076,1909f56bfc062723c751e8b465ee728b)  -> (artifact id: 'acb52feae42e996b13a3603756ee05d7') in 0.012750 seconds
Number of updated asset objects reloaded before import = 0
Number of asset objects unloaded after import = 45
========================================================================
Received Import Request.
  Time since last request: 0.000011 seconds.
  path: Assets/Piloto Studio/Campfire And Torches Pack/Prefabs/SM_irontorch_002_AmbienceFX.prefab
  artifactKey: Guid(2071281887c6f514388923e0ee4bae72) Importer(815301076,1909f56bfc062723c751e8b465ee728b)
Start importing Assets/Piloto Studio/Campfire And Torches Pack/Prefabs/SM_irontorch_002_AmbienceFX.prefab using Guid(2071281887c6f514388923e0ee4bae72) Importer(815301076,1909f56bfc062723c751e8b465ee728b)  -> (artifact id: '49c7884fdaa1af78ebd56a4b26ae83a8') in 0.015417 seconds
Number of updated asset objects reloaded before import = 0
Number of asset objects unloaded after import = 38
========================================================================
Received Import Request.
  Time since last request: 0.000010 seconds.
  path: Assets/Piloto Studio/Campfire And Torches Pack/Prefabs/SM_torch_001.prefab
  artifactKey: Guid(df453823e71a8b845a0aa6961d9d2cc7) Importer(815301076,1909f56bfc062723c751e8b465ee728b)
Start importing Assets/Piloto Studio/Campfire And Torches Pack/Prefabs/SM_torch_001.prefab using Guid(df453823e71a8b845a0aa6961d9d2cc7) Importer(815301076,1909f56bfc062723c751e8b465ee728b)  -> (artifact id: '2ef466687282901833a81d0d015c7f4d') in 0.013345 seconds
Number of updated asset objects reloaded before import = 0
Number of asset objects unloaded after import = 8
========================================================================
Received Import Request.
  Time since last request: 0.000010 seconds.
  path: Assets/Piloto Studio/Campfire And Torches Pack/Prefabs/SM_torch_001_AmbienceFX.prefab
  artifactKey: Guid(9a8a745f10692fd4b82039a679ffcaf8) Importer(815301076,1909f56bfc062723c751e8b465ee728b)
Start importing Assets/Piloto Studio/Campfire And Torches Pack/Prefabs/SM_torch_001_AmbienceFX.prefab using Guid(9a8a745f10692fd4b82039a679ffcaf8) Importer(815301076,1909f56bfc062723c751e8b465ee728b)  -> (artifact id: '0cdf7324c81823e8ad45f455cb9c53a8') in 0.020418 seconds
Number of updated asset objects reloaded before import = 0
Number of asset objects unloaded after import = 38
========================================================================
Received Import Request.
  Time since last request: 0.000010 seconds.
  path: Assets/Piloto Studio/Campfire And Torches Pack/Prefabs/SM_torch_003.prefab
  artifactKey: Guid(7d459ee27cd339d4eab71e20cb0b4d59) Importer(815301076,1909f56bfc062723c751e8b465ee728b)
Start importing Assets/Piloto Studio/Campfire And Torches Pack/Prefabs/SM_torch_003.prefab using Guid(7d459ee27cd339d4eab71e20cb0b4d59) Importer(815301076,1909f56bfc062723c751e8b465ee728b)  -> (artifact id: '36921d1b1a3e417c1c714468295999c6') in 0.013542 seconds
Number of updated asset objects reloaded before import = 0
Number of asset objects unloaded after import = 8
========================================================================
Received Import Request.
  Time since last request: 0.000011 seconds.
  path: Assets/Piloto Studio/Campfire And Torches Pack/Prefabs/SM_planks_002_AmbienceFX.prefab
  artifactKey: Guid(2c0a332f670b7bb49959bfe016210ada) Importer(815301076,1909f56bfc062723c751e8b465ee728b)
Start importing Assets/Piloto Studio/Campfire And Torches Pack/Prefabs/SM_planks_002_AmbienceFX.prefab using Guid(2c0a332f670b7bb49959bfe016210ada) Importer(815301076,1909f56bfc062723c751e8b465ee728b)  -> (artifact id: '17c917b670e9a19ca6d21a3cb7126528') in 0.013096 seconds
Number of updated asset objects reloaded before import = 0
Number of asset objects unloaded after import = 43
========================================================================
Received Import Request.
  Time since last request: 0.000010 seconds.
  path: Assets/Piloto Studio/Campfire And Torches Pack/Prefabs/SM_campfire_005_AmbienceFX.prefab
  artifactKey: Guid(b46cb4402bf10164fa134e16a26fb167) Importer(815301076,1909f56bfc062723c751e8b465ee728b)
Start importing Assets/Piloto Studio/Campfire And Torches Pack/Prefabs/SM_campfire_005_AmbienceFX.prefab using Guid(b46cb4402bf10164fa134e16a26fb167) Importer(815301076,1909f56bfc062723c751e8b465ee728b)  -> (artifact id: '62f4e8639bc5aa3ed5f8a16cb54767db') in 0.011562 seconds
Number of updated asset objects reloaded before import = 0
Number of asset objects unloaded after import = 50
========================================================================
Received Import Request.
  Time since last request: 0.000012 seconds.
  path: Assets/Piloto Studio/Campfire And Torches Pack/Prefabs/SM_irontorch_003.prefab
  artifactKey: Guid(34c6fe33973a93b44a7287c4b419bb35) Importer(815301076,1909f56bfc062723c751e8b465ee728b)
Start importing Assets/Piloto Studio/Campfire And Torches Pack/Prefabs/SM_irontorch_003.prefab using Guid(34c6fe33973a93b44a7287c4b419bb35) Importer(815301076,1909f56bfc062723c751e8b465ee728b)  -> (artifact id: '92a16cbec584463918df56091b5e390d') in 0.009798 seconds
Number of updated asset objects reloaded before import = 0
Number of asset objects unloaded after import = 8
========================================================================
Received Import Request.
  Time since last request: 0.000016 seconds.
  path: Assets/Piloto Studio/Campfire And Torches Pack/Prefabs/SM_torch_002.prefab
  artifactKey: Guid(a7bfcc842cc1fca4d8fd3b4916784eab) Importer(815301076,1909f56bfc062723c751e8b465ee728b)
Start importing Assets/Piloto Studio/Campfire And Torches Pack/Prefabs/SM_torch_002.prefab using Guid(a7bfcc842cc1fca4d8fd3b4916784eab) Importer(815301076,1909f56bfc062723c751e8b465ee728b)  -> (artifact id: '90ee626cca8812fd91bc856555bd4a16') in 0.010184 seconds
Number of updated asset objects reloaded before import = 0
Number of asset objects unloaded after import = 8
========================================================================
Received Import Request.
  Time since last request: 2.871288 seconds.
  path: Assets/Piloto Studio/Campfire And Torches Pack/Models/SM_campfire_001.fbx
  artifactKey: Guid(7bdf6515110869142b46bac661edc2c4) Importer(815301076,1909f56bfc062723c751e8b465ee728b)
Start importing Assets/Piloto Studio/Campfire And Torches Pack/Models/SM_campfire_001.fbx using Guid(7bdf6515110869142b46bac661edc2c4) Importer(815301076,1909f56bfc062723c751e8b465ee728b)  -> (artifact id: '5835af97f6b7f5b0441270232fd877ba') in 0.035803 seconds
Number of updated asset objects reloaded before import = 0
Number of asset objects unloaded after import = 7
========================================================================
Received Import Request.
  Time since last request: 0.000011 seconds.
  path: Assets/Piloto Studio/Campfire And Torches Pack/Models/SM_props_candle_01.fbx
  artifactKey: Guid(51dfcfdfb5d86bd4ea332215afee71ec) Importer(815301076,1909f56bfc062723c751e8b465ee728b)
Start importing Assets/Piloto Studio/Campfire And Torches Pack/Models/SM_props_candle_01.fbx using Guid(51dfcfdfb5d86bd4ea332215afee71ec) Importer(815301076,1909f56bfc062723c751e8b465ee728b)  -> (artifact id: '52e2bda81800bb3bba75d8801d9ee3d8') in 0.021632 seconds
Number of updated asset objects reloaded before import = 0
Number of asset objects unloaded after import = 7
========================================================================
Received Import Request.
  Time since last request: 0.000010 seconds.
  path: Assets/Piloto Studio/Campfire And Torches Pack/Models/SM_campfire_005.fbx
  artifactKey: Guid(e35355cd5aa55cd488de684fe3b512d6) Importer(815301076,1909f56bfc062723c751e8b465ee728b)
Start importing Assets/Piloto Studio/Campfire And Torches Pack/Models/SM_campfire_005.fbx using Guid(e35355cd5aa55cd488de684fe3b512d6) Importer(815301076,1909f56bfc062723c751e8b465ee728b)  -> (artifact id: '00195c3d4aba8fe384a6d02e43e2c95d') in 0.025673 seconds
Number of updated asset objects reloaded before import = 0
Number of asset objects unloaded after import = 7
========================================================================
Received Import Request.
  Time since last request: 0.000010 seconds.
  path: Assets/Piloto Studio/Campfire And Torches Pack/Models/SM_trashcan_001.fbx
  artifactKey: Guid(c5c9892498d5e994b9d198bc1fa9c7db) Importer(815301076,1909f56bfc062723c751e8b465ee728b)
Start importing Assets/Piloto Studio/Campfire And Torches Pack/Models/SM_trashcan_001.fbx using Guid(c5c9892498d5e994b9d198bc1fa9c7db) Importer(815301076,1909f56bfc062723c751e8b465ee728b)  -> (artifact id: '257aea2ad4f2fc641bb113b6fd65a56d') in 0.028403 seconds
Number of updated asset objects reloaded before import = 0
Number of asset objects unloaded after import = 7
========================================================================
Received Import Request.
  Time since last request: 0.000011 seconds.
  path: Assets/Piloto Studio/Campfire And Torches Pack/Models/SM_torch_002.fbx
  artifactKey: Guid(28c4751ae6a332a438b94e30eaa1ecb6) Importer(815301076,1909f56bfc062723c751e8b465ee728b)
Start importing Assets/Piloto Studio/Campfire And Torches Pack/Models/SM_torch_002.fbx using Guid(28c4751ae6a332a438b94e30eaa1ecb6) Importer(815301076,1909f56bfc062723c751e8b465ee728b)  -> (artifact id: '0b0584173f9ccab207818d9c073de582') in 0.021520 seconds
Number of updated asset objects reloaded before import = 0
Number of asset objects unloaded after import = 7
========================================================================
Received Import Request.
  Time since last request: 0.000010 seconds.
  path: Assets/Piloto Studio/Campfire And Torches Pack/Models/SM_campfire_004.fbx
  artifactKey: Guid(4dc327039016fdf4bb6ee7a16c177a99) Importer(815301076,1909f56bfc062723c751e8b465ee728b)
Start importing Assets/Piloto Studio/Campfire And Torches Pack/Models/SM_campfire_004.fbx using Guid(4dc327039016fdf4bb6ee7a16c177a99) Importer(815301076,1909f56bfc062723c751e8b465ee728b)  -> (artifact id: '38388ce5ce2670b916e8040e1db68f6a') in 0.025076 seconds
Number of updated asset objects reloaded before import = 0
Number of asset objects unloaded after import = 7
========================================================================
Received Import Request.
  Time since last request: 0.000011 seconds.
  path: Assets/Piloto Studio/Campfire And Torches Pack/Models/SM_irontorch_001.fbx
  artifactKey: Guid(9462069ff3e8ac4488797bd798ab754a) Importer(815301076,1909f56bfc062723c751e8b465ee728b)
Start importing Assets/Piloto Studio/Campfire And Torches Pack/Models/SM_irontorch_001.fbx using Guid(9462069ff3e8ac4488797bd798ab754a) Importer(815301076,1909f56bfc062723c751e8b465ee728b)  -> (artifact id: '8a8643cc9e3373fe8e56304f95378a5a') in 0.027051 seconds
Number of updated asset objects reloaded before import = 0
Number of asset objects unloaded after import = 7
========================================================================
Received Import Request.
  Time since last request: 0.000011 seconds.
  path: Assets/Piloto Studio/Campfire And Torches Pack/Models/SM_torch_003.fbx
  artifactKey: Guid(d304df27d965ec941bffd02ff03a4d69) Importer(815301076,1909f56bfc062723c751e8b465ee728b)
Start importing Assets/Piloto Studio/Campfire And Torches Pack/Models/SM_torch_003.fbx using Guid(d304df27d965ec941bffd02ff03a4d69) Importer(815301076,1909f56bfc062723c751e8b465ee728b)  -> (artifact id: 'dcf806f8394df3c32f70a94c52c1d86c') in 0.019728 seconds
Number of updated asset objects reloaded before import = 0
Number of asset objects unloaded after import = 7
========================================================================
Received Import Request.
  Time since last request: 2.675254 seconds.
  path: Assets/Piloto Studio/Materials/Fire/Fire_AlphaDistort_Ramped.mat
  artifactKey: Guid(4c22687df48f4573ae3212f91df3e52b) Importer(815301076,1909f56bfc062723c751e8b465ee728b)
Start importing Assets/Piloto Studio/Materials/Fire/Fire_AlphaDistort_Ramped.mat using Guid(4c22687df48f4573ae3212f91df3e52b) Importer(815301076,1909f56bfc062723c751e8b465ee728b)  -> (artifact id: 'c346046591416177b9ebc1b0ac989b00') in 0.026323 seconds
Number of updated asset objects reloaded before import = 0
Number of asset objects unloaded after import = 3
========================================================================
Received Import Request.
  Time since last request: 4.276453 seconds.
  path: Assets/Piloto Studio/Materials/Shared/Crescent_Halftone_Add.mat
  artifactKey: Guid(317ba7a97ed5e4042ab1256c58c27cbb) Importer(815301076,1909f56bfc062723c751e8b465ee728b)
Start importing Assets/Piloto Studio/Materials/Shared/Crescent_Halftone_Add.mat using Guid(317ba7a97ed5e4042ab1256c58c27cbb) Importer(815301076,1909f56bfc062723c751e8b465ee728b)  -> (artifact id: 'a330f11a2db9368df51ab226b4048b3f') in 0.006100 seconds
Number of updated asset objects reloaded before import = 0
Number of asset objects unloaded after import = 3
========================================================================
Received Import Request.
  Time since last request: 0.000010 seconds.
  path: Assets/Piloto Studio/Materials/Shared/FuzzballAdditive_Soft.mat
  artifactKey: Guid(fe3cf806fe8bf5f428e3b2c55ee9b62d) Importer(815301076,1909f56bfc062723c751e8b465ee728b)
Start importing Assets/Piloto Studio/Materials/Shared/FuzzballAdditive_Soft.mat using Guid(fe3cf806fe8bf5f428e3b2c55ee9b62d) Importer(815301076,1909f56bfc062723c751e8b465ee728b)  -> (artifact id: '151c8be442d2a45eb282f0f2b60e1f67') in 0.004528 seconds
Number of updated asset objects reloaded before import = 0
Number of asset objects unloaded after import = 1
========================================================================
Received Import Request.
  Time since last request: 0.000008 seconds.
  path: Assets/Piloto Studio/Materials/Shared/Trail_WispyGeneric_Alpha.mat
  artifactKey: Guid(6d95f135eac26bf4889c3c742e537054) Importer(815301076,1909f56bfc062723c751e8b465ee728b)
Start importing Assets/Piloto Studio/Materials/Shared/Trail_WispyGeneric_Alpha.mat using Guid(6d95f135eac26bf4889c3c742e537054) Importer(815301076,1909f56bfc062723c751e8b465ee728b)  -> (artifact id: '4502f320cecf75b1baa3c0362f361852') in 0.008713 seconds
Number of updated asset objects reloaded before import = 0
Number of asset objects unloaded after import = 5
========================================================================
Received Import Request.
  Time since last request: 0.000008 seconds.
  path: Assets/Piloto Studio/Materials/Shared/Smoke_HarsherAlbedo_Alpha_Soft.mat
  artifactKey: Guid(f144ec80294397643807bab21efac2e5) Importer(815301076,1909f56bfc062723c751e8b465ee728b)
Start importing Assets/Piloto Studio/Materials/Shared/Smoke_HarsherAlbedo_Alpha_Soft.mat using Guid(f144ec80294397643807bab21efac2e5) Importer(815301076,1909f56bfc062723c751e8b465ee728b)  -> (artifact id: '3e9bf9b3d51c69c59b0b3a4b64b9e316') in 0.007733 seconds
Number of updated asset objects reloaded before import = 0
Number of asset objects unloaded after import = 3
========================================================================
Received Import Request.
  Time since last request: 0.000008 seconds.
  path: Assets/Piloto Studio/Materials/Shared/Flare_FatDot_Alpha.mat
  artifactKey: Guid(b77cb535b467e1042b789064c00657da) Importer(815301076,1909f56bfc062723c751e8b465ee728b)
Start importing Assets/Piloto Studio/Materials/Shared/Flare_FatDot_Alpha.mat using Guid(b77cb535b467e1042b789064c00657da) Importer(815301076,1909f56bfc062723c751e8b465ee728b)  -> (artifact id: '9ab71e4d9fa1ac3a69cf8a4006c10005') in 0.006765 seconds
Number of updated asset objects reloaded before import = 0
Number of asset objects unloaded after import = 2
========================================================================
Received Import Request.
  Time since last request: 0.000009 seconds.
  path: Assets/Piloto Studio/Materials/Shared/Nokdef_Add_Soft.mat
  artifactKey: Guid(0be78bf978781af409a4d472d84b88af) Importer(815301076,1909f56bfc062723c751e8b465ee728b)
Start importing Assets/Piloto Studio/Materials/Shared/Nokdef_Add_Soft.mat using Guid(0be78bf978781af409a4d472d84b88af) Importer(815301076,1909f56bfc062723c751e8b465ee728b)  -> (artifact id: 'ae7055933d6f64df9c95a139680cd946') in 0.004985 seconds
Number of updated asset objects reloaded before import = 0
Number of asset objects unloaded after import = 1
========================================================================
Received Import Request.
  Time since last request: 6.593467 seconds.
  path: Assets/Piloto Studio/Textures/FireNoise.png
  artifactKey: Guid(204e24b3132c6754abe847f62aa2807b) Importer(815301076,1909f56bfc062723c751e8b465ee728b)
Start importing Assets/Piloto Studio/Textures/FireNoise.png using Guid(204e24b3132c6754abe847f62aa2807b) Importer(815301076,1909f56bfc062723c751e8b465ee728b)  -> (artifact id: 'cef050f09d0e8e76e9b643fe3ef8acd6') in 0.028772 seconds
Number of updated asset objects reloaded before import = 0
Number of asset objects unloaded after import = 2
========================================================================
Received Import Request.
  Time since last request: 0.000011 seconds.
  path: Assets/Piloto Studio/Textures/PackedNoises_Generic.png
  artifactKey: Guid(3ac70e7ced6d23946ac37f602b2bc573) Importer(815301076,1909f56bfc062723c751e8b465ee728b)
Start importing Assets/Piloto Studio/Textures/PackedNoises_Generic.png using Guid(3ac70e7ced6d23946ac37f602b2bc573) Importer(815301076,1909f56bfc062723c751e8b465ee728b)  -> (artifact id: 'a7ebf3450920002eafe1a30e55bc8b06') in 0.025722 seconds
Number of updated asset objects reloaded before import = 0
Number of asset objects unloaded after import = 2
========================================================================
Received Import Request.
  Time since last request: 0.000013 seconds.
  path: Assets/Piloto Studio/Textures/Flare_Cross.png
  artifactKey: Guid(edb851611bbcd0b45985df4cd3206f51) Importer(815301076,1909f56bfc062723c751e8b465ee728b)
Start importing Assets/Piloto Studio/Textures/Flare_Cross.png using Guid(edb851611bbcd0b45985df4cd3206f51) Importer(815301076,1909f56bfc062723c751e8b465ee728b)  -> (artifact id: '81b3c04ebb617c23a7be44bdd267b885') in 0.020127 seconds
Number of updated asset objects reloaded before import = 0
Number of asset objects unloaded after import = 2
========================================================================
Received Import Request.
  Time since last request: 0.000017 seconds.
  path: Assets/Piloto Studio/Textures/Flare_Glowdot.png
  artifactKey: Guid(c5a2c4ede3a972e46b11c62b98975f9f) Importer(815301076,1909f56bfc062723c751e8b465ee728b)
Start importing Assets/Piloto Studio/Textures/Flare_Glowdot.png using Guid(c5a2c4ede3a972e46b11c62b98975f9f) Importer(815301076,1909f56bfc062723c751e8b465ee728b)  -> (artifact id: 'f2e6d9710877e7879d581f1a2743a2dd') in 0.016039 seconds
Number of updated asset objects reloaded before import = 0
Number of asset objects unloaded after import = 2
========================================================================
Received Import Request.
  Time since last request: 0.000010 seconds.
  path: Assets/Piloto Studio/Textures/gradient_004.png
  artifactKey: Guid(803192b3518592f4faaa4d8e1ff37dc7) Importer(815301076,1909f56bfc062723c751e8b465ee728b)
Start importing Assets/Piloto Studio/Textures/gradient_004.png using Guid(803192b3518592f4faaa4d8e1ff37dc7) Importer(815301076,1909f56bfc062723c751e8b465ee728b)  -> (artifact id: '28d5c469cf34a28f003a7279364be5df') in 0.029732 seconds
Number of updated asset objects reloaded before import = 0
Number of asset objects unloaded after import = 2
========================================================================
Received Prepare
Begin MonoManager ReloadAssembly
- Loaded All Assemblies, in  0.257 seconds
Refreshing native plugins compatible for Editor in 2.24 ms, found 3 plugins.
Native extension for WindowsStandalone target not found
Mono: successfully reloaded assembly
- Finished resetting the current domain, in  0.578 seconds
Domain Reload Profiling: 833ms
	BeginReloadAssembly (99ms)
		ExecutionOrderSort (0ms)
		DisableScriptedObjects (3ms)
		BackupInstance (0ms)
		ReleaseScriptingObjects (0ms)
		CreateAndSetChildDomain (21ms)
	RebuildCommonClasses (18ms)
	RebuildNativeTypeToScriptingClass (6ms)
	initialDomainReloadingComplete (18ms)
	LoadAllAssembliesAndSetupDomain (114ms)
		LoadAssemblies (157ms)
		RebuildTransferFunctionScriptingTraits (0ms)
		AnalyzeDomain (8ms)
			TypeCache.Refresh (4ms)
				TypeCache.ScanAssembly (0ms)
			ScanForSourceGeneratedMonoScriptInfo (0ms)
			ResolveRequiredComponents (3ms)
	FinalizeReload (579ms)
		ReleaseScriptCaches (0ms)
		RebuildScriptCaches (0ms)
		SetupLoadedEditorAssemblies (259ms)
			LogAssemblyErrors (0ms)
			InitializePlatformSupportModulesInManaged (4ms)
			SetLoadedEditorAssemblies (2ms)
			RefreshPlugins (0ms)
			BeforeProcessingInitializeOnLoad (42ms)
			ProcessInitializeOnLoadAttributes (191ms)
			ProcessInitializeOnLoadMethodAttributes (14ms)
			AfterProcessingInitializeOnLoad (5ms)
			EditorAssembliesLoaded (0ms)
		ExecutionOrderSort2 (0ms)
		AwakeInstancesAfterBackupRestoration (5ms)
Refreshing native plugins compatible for Editor in 2.70 ms, found 3 plugins.
Preloading 0 native plugins for Editor in 0.00 ms.
Unloading 3281 Unused Serialized files (Serialized files now loaded: 0)
Unloading 27 unused Assets / (31.7 KB). Loaded Objects now: 3848.
Memory consumption went from 132.1 MB to 132.1 MB.
Total: 2.283200 ms (FindLiveObjects: 0.158100 ms CreateObjectMapping: 0.043000 ms MarkObjects: 2.029700 ms  DeleteObjects: 0.051500 ms)

Prepare: number of updated asset objects reloaded= 0
AssetImportParameters requested are different than current active one (requested -> active):
  custom:container-demuxer-ogg: 62fdf1f143b41e24485cea50d1cbac27 -> 
  custom:video-codec-MediaFoundation-h265: 746d11721c4dcdbdad8f713fa42b33f4 -> 
  custom:video-decoder-ogg-theora: a1e56fd34408186e4bbccfd4996cb3dc -> 
  custom:framework-win-MediaFoundation: 216162199b28c13a410421893ffa2e32 -> 
  custom:CustomObjectIndexerAttribute: 9a22284fe3817be447336de3de66b15e -> 
  custom:container-demuxer-webm: 4f35f7cbe854078d1ac9338744f61a02 -> 
  custom:container-muxer-webm: aa71ff27fc2769a1b78a27578f13a17b -> 
  custom:video-decoder-webm-vp8: 9c59270c3fd7afecdb556c50c9e8de78 -> 
  custom:SearchIndexIgnoredProperties: e643bd26f0fe6173181afceb89e7c659 -> 
  custom:AudioImporter_EditorPlatform: d09bf68614088b80899f8185d706f6e7 -> 
  custom:video-encoder-webm-vp8: eb34c28f22e8b96e1ab97ce403110664 -> 
  custom:audio-decoder-ogg-vorbis: bf7c407c2cedff20999df2af8eb42d56 -> 
  custom:audio-encoder-webm-vorbis: bf7c407c2cedff20999df2af8eb42d56 -> 
========================================================================
Received Import Request.
  Time since last request: 58.504474 seconds.
  path: Assets/Piloto Studio/Materials/InfiniteBG.mat
  artifactKey: Guid(052219e11157d584e8d7926740967e53) Importer(815301076,1909f56bfc062723c751e8b465ee728b)
Start importing Assets/Piloto Studio/Materials/InfiniteBG.mat using Guid(052219e11157d584e8d7926740967e53) Importer(815301076,1909f56bfc062723c751e8b465ee728b)  -> (artifact id: 'b2c8d3e6efb7ba37b3b911d6a286b4ca') in 0.038446 seconds
Number of updated asset objects reloaded before import = 0
Number of asset objects unloaded after import = 1
========================================================================
Received Import Request.
  Time since last request: 4.169880 seconds.
  path: Assets/Piloto Studio/Materials/Fire
  artifactKey: Guid(47ad50ad45463bb4c8779847b1a2c251) Importer(815301076,1909f56bfc062723c751e8b465ee728b)
Start importing Assets/Piloto Studio/Materials/Fire using Guid(47ad50ad45463bb4c8779847b1a2c251) Importer(815301076,1909f56bfc062723c751e8b465ee728b)  -> (artifact id: '337a2cbc8f6fc99e44ef765bf03dfc29') in 0.000336 seconds
Number of updated asset objects reloaded before import = 0
Number of asset objects unloaded after import = 0
========================================================================
Received Import Request.
  Time since last request: 8.261221 seconds.
  path: Assets/Piloto Studio/Models/InfiniteBackground_Better.fbx
  artifactKey: Guid(02dc0b1040ca5f641a20727cbc314b66) Importer(815301076,1909f56bfc062723c751e8b465ee728b)
Start importing Assets/Piloto Studio/Models/InfiniteBackground_Better.fbx using Guid(02dc0b1040ca5f641a20727cbc314b66) Importer(815301076,1909f56bfc062723c751e8b465ee728b)  -> (artifact id: '565fa9f4647a2180f08fad621205c3e6') in 0.046266 seconds
Number of updated asset objects reloaded before import = 0
Number of asset objects unloaded after import = 7
========================================================================
Received Prepare
Begin MonoManager ReloadAssembly
- Loaded All Assemblies, in  0.258 seconds
Refreshing native plugins compatible for Editor in 2.09 ms, found 3 plugins.
Native extension for WindowsStandalone target not found
Mono: successfully reloaded assembly
- Finished resetting the current domain, in  0.568 seconds
Domain Reload Profiling: 824ms
	BeginReloadAssembly (98ms)
		ExecutionOrderSort (0ms)
		DisableScriptedObjects (2ms)
		BackupInstance (0ms)
		ReleaseScriptingObjects (0ms)
		CreateAndSetChildDomain (20ms)
	RebuildCommonClasses (19ms)
	RebuildNativeTypeToScriptingClass (6ms)
	initialDomainReloadingComplete (17ms)
	LoadAllAssembliesAndSetupDomain (116ms)
		LoadAssemblies (162ms)
		RebuildTransferFunctionScriptingTraits (0ms)
		AnalyzeDomain (8ms)
			TypeCache.Refresh (4ms)
				TypeCache.ScanAssembly (0ms)
			ScanForSourceGeneratedMonoScriptInfo (0ms)
			ResolveRequiredComponents (3ms)
	FinalizeReload (569ms)
		ReleaseScriptCaches (0ms)
		RebuildScriptCaches (0ms)
		SetupLoadedEditorAssemblies (247ms)
			LogAssemblyErrors (0ms)
			InitializePlatformSupportModulesInManaged (4ms)
			SetLoadedEditorAssemblies (2ms)
			RefreshPlugins (0ms)
			BeforeProcessingInitializeOnLoad (37ms)
			ProcessInitializeOnLoadAttributes (185ms)
			ProcessInitializeOnLoadMethodAttributes (13ms)
			AfterProcessingInitializeOnLoad (6ms)
			EditorAssembliesLoaded (0ms)
		ExecutionOrderSort2 (0ms)
		AwakeInstancesAfterBackupRestoration (5ms)
Refreshing native plugins compatible for Editor in 2.85 ms, found 3 plugins.
Preloading 0 native plugins for Editor in 0.00 ms.
Unloading 3281 Unused Serialized files (Serialized files now loaded: 0)
Unloading 25 unused Assets / (30.7 KB). Loaded Objects now: 3852.
Memory consumption went from 132.1 MB to 132.0 MB.
Total: 1.818700 ms (FindLiveObjects: 0.138800 ms CreateObjectMapping: 0.051000 ms MarkObjects: 1.600800 ms  DeleteObjects: 0.027500 ms)

Prepare: number of updated asset objects reloaded= 0
AssetImportParameters requested are different than current active one (requested -> active):
  custom:container-demuxer-ogg: 62fdf1f143b41e24485cea50d1cbac27 -> 
  custom:video-codec-MediaFoundation-h265: 746d11721c4dcdbdad8f713fa42b33f4 -> 
  custom:video-decoder-ogg-theora: a1e56fd34408186e4bbccfd4996cb3dc -> 
  custom:framework-win-MediaFoundation: 216162199b28c13a410421893ffa2e32 -> 
  custom:CustomObjectIndexerAttribute: 9a22284fe3817be447336de3de66b15e -> 
  custom:container-demuxer-webm: 4f35f7cbe854078d1ac9338744f61a02 -> 
  custom:container-muxer-webm: aa71ff27fc2769a1b78a27578f13a17b -> 
  custom:video-decoder-webm-vp8: 9c59270c3fd7afecdb556c50c9e8de78 -> 
  custom:SearchIndexIgnoredProperties: e643bd26f0fe6173181afceb89e7c659 -> 
  custom:AudioImporter_EditorPlatform: d09bf68614088b80899f8185d706f6e7 -> 
  custom:video-encoder-webm-vp8: eb34c28f22e8b96e1ab97ce403110664 -> 
  custom:audio-decoder-ogg-vorbis: bf7c407c2cedff20999df2af8eb42d56 -> 
  custom:audio-encoder-webm-vorbis: bf7c407c2cedff20999df2af8eb42d56 -> 
========================================================================
Received Import Request.
  Time since last request: 50.825313 seconds.
  path: Assets/Piloto Studio/Readme/Piloto_Logo.png
  artifactKey: Guid(fb699b540497d184d955ea64cf02db66) Importer(815301076,1909f56bfc062723c751e8b465ee728b)
Start importing Assets/Piloto Studio/Readme/Piloto_Logo.png using Guid(fb699b540497d184d955ea64cf02db66) Importer(815301076,1909f56bfc062723c751e8b465ee728b)  -> (artifact id: '6a4fa58ee4895f7cdcf0b7c38c2a3d04') in 0.033871 seconds
Number of updated asset objects reloaded before import = 0
Number of asset objects unloaded after import = 2
========================================================================
Received Import Request.
  Time since last request: 2.260968 seconds.
  path: Assets/Piloto Studio/Readme/Scripts
  artifactKey: Guid(543ca762477a60b428500797407ed239) Importer(815301076,1909f56bfc062723c751e8b465ee728b)
Start importing Assets/Piloto Studio/Readme/Scripts using Guid(543ca762477a60b428500797407ed239) Importer(815301076,1909f56bfc062723c751e8b465ee728b)  -> (artifact id: 'c02577692ca9139cd983671b65952156') in 0.000510 seconds
Number of updated asset objects reloaded before import = 0
Number of asset objects unloaded after import = 0
========================================================================
Received Import Request.
  Time since last request: 1.126008 seconds.
  path: Assets/Piloto Studio/Readme/Scripts/Readme.cs
  artifactKey: Guid(4f5dfe7075c3bdc4c93c4fd50a8eb5b3) Importer(815301076,1909f56bfc062723c751e8b465ee728b)
Start importing Assets/Piloto Studio/Readme/Scripts/Readme.cs using Guid(4f5dfe7075c3bdc4c93c4fd50a8eb5b3) Importer(815301076,1909f56bfc062723c751e8b465ee728b)  -> (artifact id: '1b2f99c2ff9c66d9dd3d884e3a7f2bf3') in 0.000363 seconds
Number of updated asset objects reloaded before import = 0
Number of asset objects unloaded after import = 0
========================================================================
Received Prepare
Begin MonoManager ReloadAssembly
- Loaded All Assemblies, in  0.257 seconds
Refreshing native plugins compatible for Editor in 2.03 ms, found 3 plugins.
Native extension for WindowsStandalone target not found
Mono: successfully reloaded assembly
- Finished resetting the current domain, in  0.519 seconds
Domain Reload Profiling: 774ms
	BeginReloadAssembly (93ms)
		ExecutionOrderSort (0ms)
		DisableScriptedObjects (2ms)
		BackupInstance (0ms)
		ReleaseScriptingObjects (0ms)
		CreateAndSetChildDomain (18ms)
	RebuildCommonClasses (18ms)
	RebuildNativeTypeToScriptingClass (6ms)
	initialDomainReloadingComplete (17ms)
	LoadAllAssembliesAndSetupDomain (121ms)
		LoadAssemblies (158ms)
		RebuildTransferFunctionScriptingTraits (0ms)
		AnalyzeDomain (14ms)
			TypeCache.Refresh (5ms)
				TypeCache.ScanAssembly (1ms)
			ScanForSourceGeneratedMonoScriptInfo (4ms)
			ResolveRequiredComponents (3ms)
	FinalizeReload (519ms)
		ReleaseScriptCaches (0ms)
		RebuildScriptCaches (0ms)
		SetupLoadedEditorAssemblies (223ms)
			LogAssemblyErrors (0ms)
			InitializePlatformSupportModulesInManaged (4ms)
			SetLoadedEditorAssemblies (3ms)
			RefreshPlugins (0ms)
			BeforeProcessingInitializeOnLoad (35ms)
			ProcessInitializeOnLoadAttributes (166ms)
			ProcessInitializeOnLoadMethodAttributes (11ms)
			AfterProcessingInitializeOnLoad (4ms)
			EditorAssembliesLoaded (0ms)
		ExecutionOrderSort2 (0ms)
		AwakeInstancesAfterBackupRestoration (5ms)
Refreshing native plugins compatible for Editor in 1.83 ms, found 3 plugins.
Preloading 0 native plugins for Editor in 0.00 ms.
Unloading 3284 Unused Serialized files (Serialized files now loaded: 0)
Unloading 25 unused Assets / (30.7 KB). Loaded Objects now: 3858.
Memory consumption went from 132.2 MB to 132.1 MB.
Total: 1.625800 ms (FindLiveObjects: 0.132300 ms CreateObjectMapping: 0.040200 ms MarkObjects: 1.424600 ms  DeleteObjects: 0.028100 ms)

Prepare: number of updated asset objects reloaded= 0
AssetImportParameters requested are different than current active one (requested -> active):
  custom:container-demuxer-ogg: 62fdf1f143b41e24485cea50d1cbac27 -> 
  custom:video-codec-MediaFoundation-h265: 746d11721c4dcdbdad8f713fa42b33f4 -> 
  custom:video-decoder-ogg-theora: a1e56fd34408186e4bbccfd4996cb3dc -> 
  custom:framework-win-MediaFoundation: 216162199b28c13a410421893ffa2e32 -> 
  custom:CustomObjectIndexerAttribute: 9a22284fe3817be447336de3de66b15e -> 
  custom:container-demuxer-webm: 4f35f7cbe854078d1ac9338744f61a02 -> 
  custom:container-muxer-webm: aa71ff27fc2769a1b78a27578f13a17b -> 
  custom:video-decoder-webm-vp8: 9c59270c3fd7afecdb556c50c9e8de78 -> 
  custom:SearchIndexIgnoredProperties: e643bd26f0fe6173181afceb89e7c659 -> 
  custom:AudioImporter_EditorPlatform: d09bf68614088b80899f8185d706f6e7 -> 
  custom:video-encoder-webm-vp8: eb34c28f22e8b96e1ab97ce403110664 -> 
  custom:audio-decoder-ogg-vorbis: bf7c407c2cedff20999df2af8eb42d56 -> 
  custom:audio-encoder-webm-vorbis: bf7c407c2cedff20999df2af8eb42d56 -> 
========================================================================
Received Import Request.
  Time since last request: 174.210855 seconds.
  path: Assets/Orkassasin/Animation/Materials/body1.mat
  artifactKey: Guid(5e68d7598d262094cb5f8a86d9b2dd11) Importer(815301076,1909f56bfc062723c751e8b465ee728b)
Start importing Assets/Orkassasin/Animation/Materials/body1.mat using Guid(5e68d7598d262094cb5f8a86d9b2dd11) Importer(815301076,1909f56bfc062723c751e8b465ee728b)  -> (artifact id: '0e77cf23053817680bb7ab6d7c7ceeba') in 0.051157 seconds
Number of updated asset objects reloaded before import = 0
Number of asset objects unloaded after import = 1
========================================================================
Received Import Request.
  Time since last request: 0.000011 seconds.
  path: Assets/Orkassasin/Animation/Materials/helmmat.mat
  artifactKey: Guid(ee0ada870dbc265409dd34b559e82310) Importer(815301076,1909f56bfc062723c751e8b465ee728b)
Start importing Assets/Orkassasin/Animation/Materials/helmmat.mat using Guid(ee0ada870dbc265409dd34b559e82310) Importer(815301076,1909f56bfc062723c751e8b465ee728b)  -> (artifact id: '898e45402e23b0eb52ec593751176667') in 0.011172 seconds
Number of updated asset objects reloaded before import = 0
Number of asset objects unloaded after import = 1
========================================================================
Received Import Request.
  Time since last request: 0.000010 seconds.
  path: Assets/Orkassasin/Animation/Materials/phong15.mat
  artifactKey: Guid(d092bd33fadf84c4bb26a63faf2c0ab5) Importer(815301076,1909f56bfc062723c751e8b465ee728b)
Start importing Assets/Orkassasin/Animation/Materials/phong15.mat using Guid(d092bd33fadf84c4bb26a63faf2c0ab5) Importer(815301076,1909f56bfc062723c751e8b465ee728b)  -> (artifact id: '000f0e5cc7e8e9ff4815f6249e337229') in 0.012855 seconds
Number of updated asset objects reloaded before import = 0
Number of asset objects unloaded after import = 1
========================================================================
Received Import Request.
  Time since last request: 0.000011 seconds.
  path: Assets/Orkassasin/Animation/Materials/phong13.mat
  artifactKey: Guid(cab86c3cd52f4f346906c0a5b40d3776) Importer(815301076,1909f56bfc062723c751e8b465ee728b)
Start importing Assets/Orkassasin/Animation/Materials/phong13.mat using Guid(cab86c3cd52f4f346906c0a5b40d3776) Importer(815301076,1909f56bfc062723c751e8b465ee728b)  -> (artifact id: '3b0ca83980a6c8831c06f6d7df764084') in 0.012910 seconds
Number of updated asset objects reloaded before import = 0
Number of asset objects unloaded after import = 1
========================================================================
Received Import Request.
  Time since last request: 0.000023 seconds.
  path: Assets/Orkassasin/Animation/Materials/shouldersmat.mat
  artifactKey: Guid(3b024341734e2f54d883a73a2ba883fc) Importer(815301076,1909f56bfc062723c751e8b465ee728b)
Start importing Assets/Orkassasin/Animation/Materials/shouldersmat.mat using Guid(3b024341734e2f54d883a73a2ba883fc) Importer(815301076,1909f56bfc062723c751e8b465ee728b)  -> (artifact id: '881b294943860fbaf84373750a3115cb') in 0.022785 seconds
Number of updated asset objects reloaded before import = 0
Number of asset objects unloaded after import = 1
========================================================================
Received Import Request.
  Time since last request: 1.691302 seconds.
  path: Assets/Orkassasin/Base mesh/Base mesh.fbx
  artifactKey: Guid(9ba437e07b4055c4aa4e2a95cbac09ae) Importer(815301076,1909f56bfc062723c751e8b465ee728b)
Start importing Assets/Orkassasin/Base mesh/Base mesh.fbx using Guid(9ba437e07b4055c4aa4e2a95cbac09ae) Importer(815301076,1909f56bfc062723c751e8b465ee728b)  -> (artifact id: '3bdfb3fb3ef935a60c02f3fa2cf0b32c') in 0.118285 seconds
Number of updated asset objects reloaded before import = 0
Number of asset objects unloaded after import = 479
========================================================================
Received Import Request.
  Time since last request: 9.153923 seconds.
  path: Assets/Materials/Tiles090.mat
  artifactKey: Guid(5655283069f42c144886eb62f0a20d50) Importer(815301076,1909f56bfc062723c751e8b465ee728b)
Start importing Assets/Materials/Tiles090.mat using Guid(5655283069f42c144886eb62f0a20d50) Importer(815301076,1909f56bfc062723c751e8b465ee728b)  -> (artifact id: '56063eb823c9ac17c504916281dea7b3') in 0.013141 seconds
Number of updated asset objects reloaded before import = 0
Number of asset objects unloaded after import = 1
========================================================================
Received Import Request.
  Time since last request: 0.000011 seconds.
  path: Assets/Materials/Tiles090 2.mat
  artifactKey: Guid(671eea2d0679f7347ac77f6848fce01b) Importer(815301076,1909f56bfc062723c751e8b465ee728b)
Start importing Assets/Materials/Tiles090 2.mat using Guid(671eea2d0679f7347ac77f6848fce01b) Importer(815301076,1909f56bfc062723c751e8b465ee728b)  -> (artifact id: 'e067876f6cf31a7be491d86576bdadc9') in 0.011007 seconds
Number of updated asset objects reloaded before import = 0
Number of asset objects unloaded after import = 1
========================================================================
Received Import Request.
  Time since last request: 0.529108 seconds.
  path: Assets/New Folder/Ballista FBX .fbx
  artifactKey: Guid(e400d530cfe5dfa4d8404a49c39c48cd) Importer(815301076,1909f56bfc062723c751e8b465ee728b)
Start importing Assets/New Folder/Ballista FBX .fbx using Guid(e400d530cfe5dfa4d8404a49c39c48cd) Importer(815301076,1909f56bfc062723c751e8b465ee728b)  -> (artifact id: '6ed91b3aa037b3befda39deefb6b9edb') in 0.023458 seconds
Number of updated asset objects reloaded before import = 0
Number of asset objects unloaded after import = 22
========================================================================
Received Import Request.
  Time since last request: 8.064072 seconds.
  path: Assets/Abiogenesis3d/Campfire/Campfire.asmdef
  artifactKey: Guid(c062e088610ced94e85df409254e92ad) Importer(815301076,1909f56bfc062723c751e8b465ee728b)
Start importing Assets/Abiogenesis3d/Campfire/Campfire.asmdef using Guid(c062e088610ced94e85df409254e92ad) Importer(815301076,1909f56bfc062723c751e8b465ee728b)  -> (artifact id: '65099949a57776b7f4c9e79416412cc3') in 0.000422 seconds
Number of updated asset objects reloaded before import = 0
Number of asset objects unloaded after import = 0
========================================================================
Received Import Request.
  Time since last request: 4.726282 seconds.
  path: Assets/Abiogenesis3d/Campfire/Prefabs
  artifactKey: Guid(14b2a82287826264fbb04f34f755698c) Importer(815301076,1909f56bfc062723c751e8b465ee728b)
Start importing Assets/Abiogenesis3d/Campfire/Prefabs using Guid(14b2a82287826264fbb04f34f755698c) Importer(815301076,1909f56bfc062723c751e8b465ee728b)  -> (artifact id: 'a95814af79bf407be69ed324801d6719') in 0.000403 seconds
Number of updated asset objects reloaded before import = 0
Number of asset objects unloaded after import = 0
========================================================================
Received Import Request.
  Time since last request: 0.062481 seconds.
  path: Assets/Abiogenesis3d/Campfire/Prefabs/CampFire.prefab
  artifactKey: Guid(512a78e3c7342504ca0c5bba586249f5) Importer(815301076,1909f56bfc062723c751e8b465ee728b)
Start importing Assets/Abiogenesis3d/Campfire/Prefabs/CampFire.prefab using Guid(512a78e3c7342504ca0c5bba586249f5) Importer(815301076,1909f56bfc062723c751e8b465ee728b)  -> (artifact id: 'b32b11a9011f480f3f1532f6e08f6a75') in 0.194253 seconds
Number of updated asset objects reloaded before import = 0
Number of asset objects unloaded after import = 76
========================================================================
Received Import Request.
  Time since last request: 3.443546 seconds.
  path: Assets/Abiogenesis3d/Campfire/Materials/Fire_fx.mat
  artifactKey: Guid(5f0c8968af7dcff4dba1cee130e23704) Importer(815301076,1909f56bfc062723c751e8b465ee728b)
Start importing Assets/Abiogenesis3d/Campfire/Materials/Fire_fx.mat using Guid(5f0c8968af7dcff4dba1cee130e23704) Importer(815301076,1909f56bfc062723c751e8b465ee728b)  -> (artifact id: '088290e73d7f16621115f8d942e5aa94') in 0.010725 seconds
Number of updated asset objects reloaded before import = 0
Number of asset objects unloaded after import = 2
========================================================================
Received Prepare
Begin MonoManager ReloadAssembly
- Loaded All Assemblies, in  0.261 seconds
Refreshing native plugins compatible for Editor in 2.13 ms, found 3 plugins.
Native extension for WindowsStandalone target not found
Mono: successfully reloaded assembly
- Finished resetting the current domain, in  0.542 seconds
Domain Reload Profiling: 801ms
	BeginReloadAssembly (98ms)
		ExecutionOrderSort (0ms)
		DisableScriptedObjects (2ms)
		BackupInstance (0ms)
		ReleaseScriptingObjects (0ms)
		CreateAndSetChildDomain (25ms)
	RebuildCommonClasses (18ms)
	RebuildNativeTypeToScriptingClass (6ms)
	initialDomainReloadingComplete (17ms)
	LoadAllAssembliesAndSetupDomain (120ms)
		LoadAssemblies (160ms)
		RebuildTransferFunctionScriptingTraits (0ms)
		AnalyzeDomain (9ms)
			TypeCache.Refresh (4ms)
				TypeCache.ScanAssembly (0ms)
			ScanForSourceGeneratedMonoScriptInfo (0ms)
			ResolveRequiredComponents (3ms)
	FinalizeReload (542ms)
		ReleaseScriptCaches (0ms)
		RebuildScriptCaches (0ms)
		SetupLoadedEditorAssemblies (238ms)
			LogAssemblyErrors (0ms)
			InitializePlatformSupportModulesInManaged (4ms)
			SetLoadedEditorAssemblies (2ms)
			RefreshPlugins (0ms)
			BeforeProcessingInitializeOnLoad (36ms)
			ProcessInitializeOnLoadAttributes (178ms)
			ProcessInitializeOnLoadMethodAttributes (12ms)
			AfterProcessingInitializeOnLoad (5ms)
			EditorAssembliesLoaded (0ms)
		ExecutionOrderSort2 (0ms)
		AwakeInstancesAfterBackupRestoration (5ms)
Refreshing native plugins compatible for Editor in 2.41 ms, found 3 plugins.
Preloading 0 native plugins for Editor in 0.00 ms.
Unloading 3284 Unused Serialized files (Serialized files now loaded: 0)
Unloading 26 unused Assets / (30.9 KB). Loaded Objects now: 3863.
Memory consumption went from 133.0 MB to 132.9 MB.
Total: 1.897600 ms (FindLiveObjects: 0.172900 ms CreateObjectMapping: 0.044900 ms MarkObjects: 1.604000 ms  DeleteObjects: 0.075100 ms)

Prepare: number of updated asset objects reloaded= 0
AssetImportParameters requested are different than current active one (requested -> active):
  custom:container-demuxer-ogg: 62fdf1f143b41e24485cea50d1cbac27 -> 
  custom:video-codec-MediaFoundation-h265: 746d11721c4dcdbdad8f713fa42b33f4 -> 
  custom:video-decoder-ogg-theora: a1e56fd34408186e4bbccfd4996cb3dc -> 
  custom:framework-win-MediaFoundation: 216162199b28c13a410421893ffa2e32 -> 
  custom:CustomObjectIndexerAttribute: 9a22284fe3817be447336de3de66b15e -> 
  custom:container-demuxer-webm: 4f35f7cbe854078d1ac9338744f61a02 -> 
  custom:container-muxer-webm: aa71ff27fc2769a1b78a27578f13a17b -> 
  custom:video-decoder-webm-vp8: 9c59270c3fd7afecdb556c50c9e8de78 -> 
  custom:SearchIndexIgnoredProperties: e643bd26f0fe6173181afceb89e7c659 -> 
  custom:AudioImporter_EditorPlatform: d09bf68614088b80899f8185d706f6e7 -> 
  custom:video-encoder-webm-vp8: eb34c28f22e8b96e1ab97ce403110664 -> 
  custom:audio-decoder-ogg-vorbis: bf7c407c2cedff20999df2af8eb42d56 -> 
  custom:audio-encoder-webm-vorbis: bf7c407c2cedff20999df2af8eb42d56 -> 
========================================================================
Received Prepare
Begin MonoManager ReloadAssembly
- Loaded All Assemblies, in  1.851 seconds
Refreshing native plugins compatible for Editor in 2.85 ms, found 3 plugins.
Native extension for WindowsStandalone target not found
Mono: successfully reloaded assembly
- Finished resetting the current domain, in 10.990 seconds
Domain Reload Profiling: 12840ms
	BeginReloadAssembly (97ms)
		ExecutionOrderSort (0ms)
		DisableScriptedObjects (3ms)
		BackupInstance (0ms)
		ReleaseScriptingObjects (0ms)
		CreateAndSetChildDomain (19ms)
	RebuildCommonClasses (18ms)
	RebuildNativeTypeToScriptingClass (6ms)
	initialDomainReloadingComplete (19ms)
	LoadAllAssembliesAndSetupDomain (1709ms)
		LoadAssemblies (1749ms)
		RebuildTransferFunctionScriptingTraits (0ms)
		AnalyzeDomain (11ms)
			TypeCache.Refresh (4ms)
				TypeCache.ScanAssembly (0ms)
			ScanForSourceGeneratedMonoScriptInfo (0ms)
			ResolveRequiredComponents (5ms)
	FinalizeReload (10990ms)
		ReleaseScriptCaches (0ms)
		RebuildScriptCaches (0ms)
		SetupLoadedEditorAssemblies (205ms)
			LogAssemblyErrors (0ms)
			InitializePlatformSupportModulesInManaged (3ms)
			SetLoadedEditorAssemblies (2ms)
			RefreshPlugins (0ms)
			BeforeProcessingInitializeOnLoad (33ms)
			ProcessInitializeOnLoadAttributes (152ms)
			ProcessInitializeOnLoadMethodAttributes (11ms)
			AfterProcessingInitializeOnLoad (4ms)
			EditorAssembliesLoaded (0ms)
		ExecutionOrderSort2 (0ms)
		AwakeInstancesAfterBackupRestoration (4ms)
Refreshing native plugins compatible for Editor in 3.09 ms, found 3 plugins.
Preloading 0 native plugins for Editor in 0.00 ms.
Unloading 3284 Unused Serialized files (Serialized files now loaded: 0)
Unloading 25 unused Assets / (30.8 KB). Loaded Objects now: 3866.
Memory consumption went from 133.0 MB to 133.0 MB.
Total: 1.705700 ms (FindLiveObjects: 0.141300 ms CreateObjectMapping: 0.043800 ms MarkObjects: 1.486800 ms  DeleteObjects: 0.033300 ms)

Prepare: number of updated asset objects reloaded= 0
AssetImportParameters requested are different than current active one (requested -> active):
  custom:container-demuxer-ogg: 62fdf1f143b41e24485cea50d1cbac27 -> 
  custom:video-codec-MediaFoundation-h265: 746d11721c4dcdbdad8f713fa42b33f4 -> 
  custom:video-decoder-ogg-theora: a1e56fd34408186e4bbccfd4996cb3dc -> 
  custom:framework-win-MediaFoundation: 216162199b28c13a410421893ffa2e32 -> 
  custom:CustomObjectIndexerAttribute: 9a22284fe3817be447336de3de66b15e -> 
  custom:container-demuxer-webm: 4f35f7cbe854078d1ac9338744f61a02 -> 
  custom:container-muxer-webm: aa71ff27fc2769a1b78a27578f13a17b -> 
  custom:video-decoder-webm-vp8: 9c59270c3fd7afecdb556c50c9e8de78 -> 
  custom:SearchIndexIgnoredProperties: e643bd26f0fe6173181afceb89e7c659 -> 
  custom:AudioImporter_EditorPlatform: d09bf68614088b80899f8185d706f6e7 -> 
  custom:video-encoder-webm-vp8: eb34c28f22e8b96e1ab97ce403110664 -> 
  custom:audio-decoder-ogg-vorbis: bf7c407c2cedff20999df2af8eb42d56 -> 
  custom:audio-encoder-webm-vorbis: bf7c407c2cedff20999df2af8eb42d56 -> 
========================================================================
Received Prepare
Begin MonoManager ReloadAssembly
- Loaded All Assemblies, in  0.260 seconds
Refreshing native plugins compatible for Editor in 2.38 ms, found 3 plugins.
Native extension for WindowsStandalone target not found
Mono: successfully reloaded assembly
- Finished resetting the current domain, in  0.586 seconds
Domain Reload Profiling: 845ms
	BeginReloadAssembly (96ms)
		ExecutionOrderSort (0ms)
		DisableScriptedObjects (3ms)
		BackupInstance (0ms)
		ReleaseScriptingObjects (0ms)
		CreateAndSetChildDomain (17ms)
	RebuildCommonClasses (19ms)
	RebuildNativeTypeToScriptingClass (6ms)
	initialDomainReloadingComplete (18ms)
	LoadAllAssembliesAndSetupDomain (120ms)
		LoadAssemblies (164ms)
		RebuildTransferFunctionScriptingTraits (0ms)
		AnalyzeDomain (9ms)
			TypeCache.Refresh (4ms)
				TypeCache.ScanAssembly (0ms)
			ScanForSourceGeneratedMonoScriptInfo (0ms)
			ResolveRequiredComponents (3ms)
	FinalizeReload (586ms)
		ReleaseScriptCaches (0ms)
		RebuildScriptCaches (0ms)
		SetupLoadedEditorAssemblies (241ms)
			LogAssemblyErrors (0ms)
			InitializePlatformSupportModulesInManaged (4ms)
			SetLoadedEditorAssemblies (2ms)
			RefreshPlugins (0ms)
			BeforeProcessingInitializeOnLoad (39ms)
			ProcessInitializeOnLoadAttributes (178ms)
			ProcessInitializeOnLoadMethodAttributes (13ms)
			AfterProcessingInitializeOnLoad (5ms)
			EditorAssembliesLoaded (0ms)
		ExecutionOrderSort2 (0ms)
		AwakeInstancesAfterBackupRestoration (5ms)
Refreshing native plugins compatible for Editor in 1.91 ms, found 3 plugins.
Preloading 0 native plugins for Editor in 0.00 ms.
Unloading 3284 Unused Serialized files (Serialized files now loaded: 0)
Unloading 25 unused Assets / (30.9 KB). Loaded Objects now: 3869.
Memory consumption went from 133.0 MB to 133.0 MB.
Total: 1.924100 ms (FindLiveObjects: 0.139800 ms CreateObjectMapping: 0.044600 ms MarkObjects: 1.710300 ms  DeleteObjects: 0.028700 ms)

Prepare: number of updated asset objects reloaded= 0
AssetImportParameters requested are different than current active one (requested -> active):
  custom:container-demuxer-ogg: 62fdf1f143b41e24485cea50d1cbac27 -> 
  custom:video-codec-MediaFoundation-h265: 746d11721c4dcdbdad8f713fa42b33f4 -> 
  custom:video-decoder-ogg-theora: a1e56fd34408186e4bbccfd4996cb3dc -> 
  custom:framework-win-MediaFoundation: 216162199b28c13a410421893ffa2e32 -> 
  custom:CustomObjectIndexerAttribute: 9a22284fe3817be447336de3de66b15e -> 
  custom:container-demuxer-webm: 4f35f7cbe854078d1ac9338744f61a02 -> 
  custom:container-muxer-webm: aa71ff27fc2769a1b78a27578f13a17b -> 
  custom:video-decoder-webm-vp8: 9c59270c3fd7afecdb556c50c9e8de78 -> 
  custom:SearchIndexIgnoredProperties: e643bd26f0fe6173181afceb89e7c659 -> 
  custom:AudioImporter_EditorPlatform: d09bf68614088b80899f8185d706f6e7 -> 
  custom:video-encoder-webm-vp8: eb34c28f22e8b96e1ab97ce403110664 -> 
  custom:audio-decoder-ogg-vorbis: bf7c407c2cedff20999df2af8eb42d56 -> 
  custom:audio-encoder-webm-vorbis: bf7c407c2cedff20999df2af8eb42d56 -> 
========================================================================
Received Prepare
Begin MonoManager ReloadAssembly
- Loaded All Assemblies, in  0.255 seconds
Refreshing native plugins compatible for Editor in 2.18 ms, found 3 plugins.
Native extension for WindowsStandalone target not found
Mono: successfully reloaded assembly
- Finished resetting the current domain, in  0.513 seconds
Domain Reload Profiling: 766ms
	BeginReloadAssembly (90ms)
		ExecutionOrderSort (0ms)
		DisableScriptedObjects (3ms)
		BackupInstance (0ms)
		ReleaseScriptingObjects (0ms)
		CreateAndSetChildDomain (16ms)
	RebuildCommonClasses (18ms)
	RebuildNativeTypeToScriptingClass (6ms)
	initialDomainReloadingComplete (18ms)
	LoadAllAssembliesAndSetupDomain (120ms)
		LoadAssemblies (160ms)
		RebuildTransferFunctionScriptingTraits (0ms)
		AnalyzeDomain (9ms)
			TypeCache.Refresh (4ms)
				TypeCache.ScanAssembly (0ms)
			ScanForSourceGeneratedMonoScriptInfo (0ms)
			ResolveRequiredComponents (3ms)
	FinalizeReload (513ms)
		ReleaseScriptCaches (0ms)
		RebuildScriptCaches (0ms)
		SetupLoadedEditorAssemblies (223ms)
			LogAssemblyErrors (0ms)
			InitializePlatformSupportModulesInManaged (4ms)
			SetLoadedEditorAssemblies (2ms)
			RefreshPlugins (0ms)
			BeforeProcessingInitializeOnLoad (35ms)
			ProcessInitializeOnLoadAttributes (163ms)
			ProcessInitializeOnLoadMethodAttributes (14ms)
			AfterProcessingInitializeOnLoad (5ms)
			EditorAssembliesLoaded (0ms)
		ExecutionOrderSort2 (0ms)
		AwakeInstancesAfterBackupRestoration (5ms)
Refreshing native plugins compatible for Editor in 2.25 ms, found 3 plugins.
Preloading 0 native plugins for Editor in 0.00 ms.
Unloading 3284 Unused Serialized files (Serialized files now loaded: 0)
Unloading 25 unused Assets / (30.8 KB). Loaded Objects now: 3872.
Memory consumption went from 133.0 MB to 133.0 MB.
Total: 1.641500 ms (FindLiveObjects: 0.141800 ms CreateObjectMapping: 0.043200 ms MarkObjects: 1.427500 ms  DeleteObjects: 0.028700 ms)

Prepare: number of updated asset objects reloaded= 0
AssetImportParameters requested are different than current active one (requested -> active):
  custom:container-demuxer-ogg: 62fdf1f143b41e24485cea50d1cbac27 -> 
  custom:video-codec-MediaFoundation-h265: 746d11721c4dcdbdad8f713fa42b33f4 -> 
  custom:video-decoder-ogg-theora: a1e56fd34408186e4bbccfd4996cb3dc -> 
  custom:framework-win-MediaFoundation: 216162199b28c13a410421893ffa2e32 -> 
  custom:CustomObjectIndexerAttribute: 9a22284fe3817be447336de3de66b15e -> 
  custom:container-demuxer-webm: 4f35f7cbe854078d1ac9338744f61a02 -> 
  custom:container-muxer-webm: aa71ff27fc2769a1b78a27578f13a17b -> 
  custom:video-decoder-webm-vp8: 9c59270c3fd7afecdb556c50c9e8de78 -> 
  custom:SearchIndexIgnoredProperties: e643bd26f0fe6173181afceb89e7c659 -> 
  custom:AudioImporter_EditorPlatform: d09bf68614088b80899f8185d706f6e7 -> 
  custom:video-encoder-webm-vp8: eb34c28f22e8b96e1ab97ce403110664 -> 
  custom:audio-decoder-ogg-vorbis: bf7c407c2cedff20999df2af8eb42d56 -> 
  custom:audio-encoder-webm-vorbis: bf7c407c2cedff20999df2af8eb42d56 -> 
========================================================================
Received Prepare
Begin MonoManager ReloadAssembly
- Loaded All Assemblies, in  0.253 seconds
Refreshing native plugins compatible for Editor in 2.18 ms, found 3 plugins.
Native extension for WindowsStandalone target not found
Mono: successfully reloaded assembly
- Finished resetting the current domain, in  0.523 seconds
Domain Reload Profiling: 774ms
	BeginReloadAssembly (88ms)
		ExecutionOrderSort (0ms)
		DisableScriptedObjects (3ms)
		BackupInstance (0ms)
		ReleaseScriptingObjects (0ms)
		CreateAndSetChildDomain (17ms)
	RebuildCommonClasses (20ms)
	RebuildNativeTypeToScriptingClass (6ms)
	initialDomainReloadingComplete (17ms)
	LoadAllAssembliesAndSetupDomain (119ms)
		LoadAssemblies (157ms)
		RebuildTransferFunctionScriptingTraits (0ms)
		AnalyzeDomain (9ms)
			TypeCache.Refresh (4ms)
				TypeCache.ScanAssembly (0ms)
			ScanForSourceGeneratedMonoScriptInfo (0ms)
			ResolveRequiredComponents (3ms)
	FinalizeReload (523ms)
		ReleaseScriptCaches (0ms)
		RebuildScriptCaches (0ms)
		SetupLoadedEditorAssemblies (231ms)
			LogAssemblyErrors (0ms)
			InitializePlatformSupportModulesInManaged (4ms)
			SetLoadedEditorAssemblies (2ms)
			RefreshPlugins (0ms)
			BeforeProcessingInitializeOnLoad (35ms)
			ProcessInitializeOnLoadAttributes (172ms)
			ProcessInitializeOnLoadMethodAttributes (13ms)
			AfterProcessingInitializeOnLoad (5ms)
			EditorAssembliesLoaded (0ms)
		ExecutionOrderSort2 (0ms)
		AwakeInstancesAfterBackupRestoration (4ms)
Refreshing native plugins compatible for Editor in 2.39 ms, found 3 plugins.
Preloading 0 native plugins for Editor in 0.00 ms.
Unloading 3284 Unused Serialized files (Serialized files now loaded: 0)
Unloading 25 unused Assets / (30.9 KB). Loaded Objects now: 3875.
Memory consumption went from 133.0 MB to 133.0 MB.
Total: 1.705400 ms (FindLiveObjects: 0.140100 ms CreateObjectMapping: 0.041900 ms MarkObjects: 1.494500 ms  DeleteObjects: 0.028300 ms)

Prepare: number of updated asset objects reloaded= 0
AssetImportParameters requested are different than current active one (requested -> active):
  custom:container-demuxer-ogg: 62fdf1f143b41e24485cea50d1cbac27 -> 
  custom:video-codec-MediaFoundation-h265: 746d11721c4dcdbdad8f713fa42b33f4 -> 
  custom:video-decoder-ogg-theora: a1e56fd34408186e4bbccfd4996cb3dc -> 
  custom:framework-win-MediaFoundation: 216162199b28c13a410421893ffa2e32 -> 
  custom:CustomObjectIndexerAttribute: 9a22284fe3817be447336de3de66b15e -> 
  custom:container-demuxer-webm: 4f35f7cbe854078d1ac9338744f61a02 -> 
  custom:container-muxer-webm: aa71ff27fc2769a1b78a27578f13a17b -> 
  custom:video-decoder-webm-vp8: 9c59270c3fd7afecdb556c50c9e8de78 -> 
  custom:SearchIndexIgnoredProperties: e643bd26f0fe6173181afceb89e7c659 -> 
  custom:AudioImporter_EditorPlatform: d09bf68614088b80899f8185d706f6e7 -> 
  custom:video-encoder-webm-vp8: eb34c28f22e8b96e1ab97ce403110664 -> 
  custom:audio-decoder-ogg-vorbis: bf7c407c2cedff20999df2af8eb42d56 -> 
  custom:audio-encoder-webm-vorbis: bf7c407c2cedff20999df2af8eb42d56 -> 
========================================================================
Received Import Request.
  Time since last request: 592.984647 seconds.
  path: Assets/Hyper casual cartoon castles/Material/CastlePackMaterial.mat
  artifactKey: Guid(fabd81ed4ea0a3e4a98f91d5114c3d6e) Importer(815301076,1909f56bfc062723c751e8b465ee728b)
Start importing Assets/Hyper casual cartoon castles/Material/CastlePackMaterial.mat using Guid(fabd81ed4ea0a3e4a98f91d5114c3d6e) Importer(815301076,1909f56bfc062723c751e8b465ee728b)  -> (artifact id: '24f9b6cab75d365c329b36927aab510d') in 0.062051 seconds
Number of updated asset objects reloaded before import = 0
Number of asset objects unloaded after import = 2
========================================================================
Received Import Request.
  Time since last request: 3.715616 seconds.
  path: Assets/Hyper casual cartoon castles/Models/Castles/BigCstle
  artifactKey: Guid(6b3b79e9dbc55474ab75b0b76b613369) Importer(815301076,1909f56bfc062723c751e8b465ee728b)
Start importing Assets/Hyper casual cartoon castles/Models/Castles/BigCstle using Guid(6b3b79e9dbc55474ab75b0b76b613369) Importer(815301076,1909f56bfc062723c751e8b465ee728b)  -> (artifact id: '9509ff4930dfdd7c10731bdec7ba3c63') in 0.000462 seconds
Number of updated asset objects reloaded before import = 0
Number of asset objects unloaded after import = 0
========================================================================
Received Import Request.
  Time since last request: 0.071212 seconds.
  path: Assets/Hyper casual cartoon castles/Models/Castles/BigCstle/CS_Big_Castle_Stage01.fbx
  artifactKey: Guid(075850726f884584bbe4207a4334d2e3) Importer(815301076,1909f56bfc062723c751e8b465ee728b)
Start importing Assets/Hyper casual cartoon castles/Models/Castles/BigCstle/CS_Big_Castle_Stage01.fbx using Guid(075850726f884584bbe4207a4334d2e3) Importer(815301076,1909f56bfc062723c751e8b465ee728b)  -> (artifact id: '31d05aaaa12f2cef5b515820b10c7f1f') in 0.034081 seconds
Number of updated asset objects reloaded before import = 0
Number of asset objects unloaded after import = 9
========================================================================
Received Import Request.
  Time since last request: 0.000010 seconds.
  path: Assets/Hyper casual cartoon castles/Models/Castles/BigCstle/untitled.fbx
  artifactKey: Guid(a20416065d25f5943b9ab3c4258e3596) Importer(815301076,1909f56bfc062723c751e8b465ee728b)
Start importing Assets/Hyper casual cartoon castles/Models/Castles/BigCstle/untitled.fbx using Guid(a20416065d25f5943b9ab3c4258e3596) Importer(815301076,1909f56bfc062723c751e8b465ee728b)  -> (artifact id: '642585d66eff106743a834fce298bf69') in 0.021465 seconds
Number of updated asset objects reloaded before import = 0
Number of asset objects unloaded after import = 9
========================================================================
Received Import Request.
  Time since last request: 10.093943 seconds.
  path: Assets/Hyper casual cartoon castles/Models/Castles/EvilCastle/CS_Evil_Castle_Stage01.fbx
  artifactKey: Guid(f3972a019ea245d47b405fe50ccc3cbe) Importer(815301076,1909f56bfc062723c751e8b465ee728b)
Start importing Assets/Hyper casual cartoon castles/Models/Castles/EvilCastle/CS_Evil_Castle_Stage01.fbx using Guid(f3972a019ea245d47b405fe50ccc3cbe) Importer(815301076,1909f56bfc062723c751e8b465ee728b)  -> (artifact id: '43802d20e5e5d4c1f9a8168ecf46a679') in 0.017966 seconds
Number of updated asset objects reloaded before import = 0
Number of asset objects unloaded after import = 9
========================================================================
Received Import Request.
  Time since last request: 0.000011 seconds.
  path: Assets/Hyper casual cartoon castles/Models/Castles/EvilCastle/CS_Evil_Castle_Stage03.fbx
  artifactKey: Guid(cb57581b23b1e5145bcd1ef97350c364) Importer(815301076,1909f56bfc062723c751e8b465ee728b)
Start importing Assets/Hyper casual cartoon castles/Models/Castles/EvilCastle/CS_Evil_Castle_Stage03.fbx using Guid(cb57581b23b1e5145bcd1ef97350c364) Importer(815301076,1909f56bfc062723c751e8b465ee728b)  -> (artifact id: '6bce755f90660c14b1e0d4ee62100515') in 0.017008 seconds
Number of updated asset objects reloaded before import = 0
Number of asset objects unloaded after import = 9
========================================================================
Received Import Request.
  Time since last request: 3.766342 seconds.
  path: Assets/Hyper casual cartoon castles/Models/Castles/HexagonCastle/CS_Hexagon_Castle_Stage01.fbx
  artifactKey: Guid(5e5b53ca3b07322418bd969910a1a844) Importer(815301076,1909f56bfc062723c751e8b465ee728b)
Start importing Assets/Hyper casual cartoon castles/Models/Castles/HexagonCastle/CS_Hexagon_Castle_Stage01.fbx using Guid(5e5b53ca3b07322418bd969910a1a844) Importer(815301076,1909f56bfc062723c751e8b465ee728b)  -> (artifact id: '22b368854386aa007a6d1cf3757db3cb') in 0.040845 seconds
Number of updated asset objects reloaded before import = 0
Number of asset objects unloaded after import = 9
========================================================================
Received Import Request.
  Time since last request: 0.000012 seconds.
  path: Assets/Hyper casual cartoon castles/Models/Castles/HexagonCastle/CS_Hexagon_Castle_Stage03.fbx
  artifactKey: Guid(61861d91157477640b39157db0fc30bc) Importer(815301076,1909f56bfc062723c751e8b465ee728b)
Start importing Assets/Hyper casual cartoon castles/Models/Castles/HexagonCastle/CS_Hexagon_Castle_Stage03.fbx using Guid(61861d91157477640b39157db0fc30bc) Importer(815301076,1909f56bfc062723c751e8b465ee728b)  -> (artifact id: 'bb040f2a3f3b9668613d070f23f95fbe') in 0.038468 seconds
Number of updated asset objects reloaded before import = 0
Number of asset objects unloaded after import = 9
========================================================================
Received Import Request.
  Time since last request: 3.750193 seconds.
  path: Assets/Hyper casual cartoon castles/Models/Castles/SmallCastle/CS_Small_Castle_Stage01.fbx
  artifactKey: Guid(aee4daf4ee90331409ff98778ce747c8) Importer(815301076,1909f56bfc062723c751e8b465ee728b)
Start importing Assets/Hyper casual cartoon castles/Models/Castles/SmallCastle/CS_Small_Castle_Stage01.fbx using Guid(aee4daf4ee90331409ff98778ce747c8) Importer(815301076,1909f56bfc062723c751e8b465ee728b)  -> (artifact id: '23b191d2ccdeef75e029f849ec23cec6') in 0.026721 seconds
Number of updated asset objects reloaded before import = 0
Number of asset objects unloaded after import = 9
========================================================================
Received Import Request.
  Time since last request: 23.833753 seconds.
  path: Assets/Hyper casual cartoon castles/Prefab/Castles
  artifactKey: Guid(8913db9874bc2114488b9d16508a9630) Importer(815301076,1909f56bfc062723c751e8b465ee728b)
Start importing Assets/Hyper casual cartoon castles/Prefab/Castles using Guid(8913db9874bc2114488b9d16508a9630) Importer(815301076,1909f56bfc062723c751e8b465ee728b)  -> (artifact id: '967a5dd2dd56c8d32b20b1227d5f7fa1') in 0.000466 seconds
Number of updated asset objects reloaded before import = 0
Number of asset objects unloaded after import = 0
========================================================================
Received Import Request.
  Time since last request: 1.332467 seconds.
  path: Assets/Hyper casual cartoon castles/Prefab/Castles/SmallCastle
  artifactKey: Guid(2d1b6e21b9358b04e9dc353f3c1d0d91) Importer(815301076,1909f56bfc062723c751e8b465ee728b)
Start importing Assets/Hyper casual cartoon castles/Prefab/Castles/SmallCastle using Guid(2d1b6e21b9358b04e9dc353f3c1d0d91) Importer(815301076,1909f56bfc062723c751e8b465ee728b)  -> (artifact id: '90a7a43666ab344d2e49ba14db7aef90') in 0.000356 seconds
Number of updated asset objects reloaded before import = 0
Number of asset objects unloaded after import = 0
========================================================================
Received Import Request.
  Time since last request: 0.087641 seconds.
  path: Assets/Hyper casual cartoon castles/Prefab/Castles/SmallCastle/CS_Small_Castle_Stage01 Variant.prefab
  artifactKey: Guid(969e9f13843ad0242a3dd2dfb881c5a8) Importer(815301076,1909f56bfc062723c751e8b465ee728b)
Start importing Assets/Hyper casual cartoon castles/Prefab/Castles/SmallCastle/CS_Small_Castle_Stage01 Variant.prefab using Guid(969e9f13843ad0242a3dd2dfb881c5a8) Importer(815301076,1909f56bfc062723c751e8b465ee728b)  -> (artifact id: 'b904af82e2c7f753ed81b6e4c80045bd') in 0.012769 seconds
Number of updated asset objects reloaded before import = 0
Number of asset objects unloaded after import = 17
========================================================================
Received Import Request.
  Time since last request: 0.000010 seconds.
  path: Assets/Hyper casual cartoon castles/Prefab/Castles/SmallCastle/CS_Small_Castle_Stage03 Variant.prefab
  artifactKey: Guid(fec19b044766ac64898aa08f94fab5a3) Importer(815301076,1909f56bfc062723c751e8b465ee728b)
Start importing Assets/Hyper casual cartoon castles/Prefab/Castles/SmallCastle/CS_Small_Castle_Stage03 Variant.prefab using Guid(fec19b044766ac64898aa08f94fab5a3) Importer(815301076,1909f56bfc062723c751e8b465ee728b)  -> (artifact id: '869569f5a4bb69ecbcfc6c20a426fe14') in 0.010936 seconds
Number of updated asset objects reloaded before import = 0
Number of asset objects unloaded after import = 17
========================================================================
Received Import Request.
  Time since last request: 150.955518 seconds.
  path: Assets/Hyper casual cartoon castles/Prefab/Objects/CS_Barricade Variant.prefab
  artifactKey: Guid(bbdc0bddc0a378d46a8f67ea93e800ee) Importer(815301076,1909f56bfc062723c751e8b465ee728b)
Start importing Assets/Hyper casual cartoon castles/Prefab/Objects/CS_Barricade Variant.prefab using Guid(bbdc0bddc0a378d46a8f67ea93e800ee) Importer(815301076,1909f56bfc062723c751e8b465ee728b)  -> (artifact id: '5612599a618797523007576056f7459e') in 0.019129 seconds
Number of updated asset objects reloaded before import = 0
Number of asset objects unloaded after import = 17
========================================================================
Received Import Request.
  Time since last request: 0.000013 seconds.
  path: Assets/Hyper casual cartoon castles/Prefab/Objects/CS_GrassPatch Variant.prefab
  artifactKey: Guid(3513678def64c374e94bf2e3919618f2) Importer(815301076,1909f56bfc062723c751e8b465ee728b)
Start importing Assets/Hyper casual cartoon castles/Prefab/Objects/CS_GrassPatch Variant.prefab using Guid(3513678def64c374e94bf2e3919618f2) Importer(815301076,1909f56bfc062723c751e8b465ee728b)  -> (artifact id: '526b5b714b34d3050beb28d924ec36bd') in 0.015243 seconds
Number of updated asset objects reloaded before import = 0
Number of asset objects unloaded after import = 17
========================================================================
Received Import Request.
  Time since last request: 0.000010 seconds.
  path: Assets/Hyper casual cartoon castles/Prefab/Objects/CS_BlueFlower.prefab
  artifactKey: Guid(d98eed7c285ac504991eae9ff1736605) Importer(815301076,1909f56bfc062723c751e8b465ee728b)
Start importing Assets/Hyper casual cartoon castles/Prefab/Objects/CS_BlueFlower.prefab using Guid(d98eed7c285ac504991eae9ff1736605) Importer(815301076,1909f56bfc062723c751e8b465ee728b)  -> (artifact id: 'da93ece3e8d02f852b6852c52021677e') in 0.033896 seconds
Number of updated asset objects reloaded before import = 0
Number of asset objects unloaded after import = 9
========================================================================
Received Import Request.
  Time since last request: 0.000011 seconds.
  path: Assets/Hyper casual cartoon castles/Prefab/Objects/CS_Tree Variant.prefab
  artifactKey: Guid(1524e5f41144e22418f0c1b72be84974) Importer(815301076,1909f56bfc062723c751e8b465ee728b)
Start importing Assets/Hyper casual cartoon castles/Prefab/Objects/CS_Tree Variant.prefab using Guid(1524e5f41144e22418f0c1b72be84974) Importer(815301076,1909f56bfc062723c751e8b465ee728b)  -> (artifact id: '35c5ad054fc72583d26dd0a91180053f') in 0.011330 seconds
Number of updated asset objects reloaded before import = 0
Number of asset objects unloaded after import = 17
========================================================================
Received Import Request.
  Time since last request: 0.000010 seconds.
  path: Assets/Hyper casual cartoon castles/Prefab/Objects/CS_RedFlower Variant.prefab
  artifactKey: Guid(5fde7e0ab46d1614ebcbdf792e21ce09) Importer(815301076,1909f56bfc062723c751e8b465ee728b)
Start importing Assets/Hyper casual cartoon castles/Prefab/Objects/CS_RedFlower Variant.prefab using Guid(5fde7e0ab46d1614ebcbdf792e21ce09) Importer(815301076,1909f56bfc062723c751e8b465ee728b)  -> (artifact id: '3e0861a9c93703cc6b42765779fa7a34') in 0.012311 seconds
Number of updated asset objects reloaded before import = 0
Number of asset objects unloaded after import = 17
========================================================================
Received Import Request.
  Time since last request: 11.635373 seconds.
  path: Assets/Hyper casual cartoon castles/Prefab/RoadConstructor/CS_Road_curve Variant.prefab
  artifactKey: Guid(ac9f63fdc33b35f4d9596457f0b84cfa) Importer(815301076,1909f56bfc062723c751e8b465ee728b)
Start importing Assets/Hyper casual cartoon castles/Prefab/RoadConstructor/CS_Road_curve Variant.prefab using Guid(ac9f63fdc33b35f4d9596457f0b84cfa) Importer(815301076,1909f56bfc062723c751e8b465ee728b)  -> (artifact id: '1581549eae08d00a0993d68759f75d8a') in 0.020550 seconds
Number of updated asset objects reloaded before import = 0
Number of asset objects unloaded after import = 17
========================================================================
Received Import Request.
  Time since last request: 0.000010 seconds.
  path: Assets/Hyper casual cartoon castles/Prefab/RoadConstructor/CS_Road_square Variant.prefab
  artifactKey: Guid(429c822777da7c546bb411e19f0704da) Importer(815301076,1909f56bfc062723c751e8b465ee728b)
Start importing Assets/Hyper casual cartoon castles/Prefab/RoadConstructor/CS_Road_square Variant.prefab using Guid(429c822777da7c546bb411e19f0704da) Importer(815301076,1909f56bfc062723c751e8b465ee728b)  -> (artifact id: '26b99c9b18d04d3e2bc955e3d168cb24') in 0.013201 seconds
Number of updated asset objects reloaded before import = 0
Number of asset objects unloaded after import = 17
========================================================================
Received Import Request.
  Time since last request: 298.111203 seconds.
  path: Assets/Scenes/Level2.unity
  artifactKey: Guid(8950c31889e0fff428fbd12023499938) Importer(815301076,1909f56bfc062723c751e8b465ee728b)
Start importing Assets/Scenes/Level2.unity using Guid(8950c31889e0fff428fbd12023499938) Importer(815301076,1909f56bfc062723c751e8b465ee728b)  -> (artifact id: '7244556d7ca21503c290272654d17f30') in 0.000590 seconds
Number of updated asset objects reloaded before import = 0
Number of asset objects unloaded after import = 0
========================================================================
Received Import Request.
  Time since last request: 15.776925 seconds.
  path: Assets/Scenes/Level1.unity
  artifactKey: Guid(9fc0d4010bbf28b4594072e72b8655ab) Importer(815301076,1909f56bfc062723c751e8b465ee728b)
Start importing Assets/Scenes/Level1.unity using Guid(9fc0d4010bbf28b4594072e72b8655ab) Importer(815301076,1909f56bfc062723c751e8b465ee728b)  -> (artifact id: '3f3d9b3172be0955022907f88a147d45') in 0.000461 seconds
Number of updated asset objects reloaded before import = 0
Number of asset objects unloaded after import = 0
========================================================================
Received Import Request.
  Time since last request: 47.958428 seconds.
  path: Assets/Scenes/Level1.unity
  artifactKey: Guid(9fc0d4010bbf28b4594072e72b8655ab) Importer(815301076,1909f56bfc062723c751e8b465ee728b)
Start importing Assets/Scenes/Level1.unity using Guid(9fc0d4010bbf28b4594072e72b8655ab) Importer(815301076,1909f56bfc062723c751e8b465ee728b)  -> (artifact id: '03202240679c7afcd0330009c2fe4298') in 0.000456 seconds
Number of updated asset objects reloaded before import = 0
Number of asset objects unloaded after import = 0
========================================================================
Received Prepare
Begin MonoManager ReloadAssembly
- Loaded All Assemblies, in  0.259 seconds
Refreshing native plugins compatible for Editor in 2.20 ms, found 3 plugins.
Native extension for WindowsStandalone target not found
Mono: successfully reloaded assembly
- Finished resetting the current domain, in  0.582 seconds
Domain Reload Profiling: 840ms
	BeginReloadAssembly (97ms)
		ExecutionOrderSort (0ms)
		DisableScriptedObjects (2ms)
		BackupInstance (0ms)
		ReleaseScriptingObjects (0ms)
		CreateAndSetChildDomain (21ms)
	RebuildCommonClasses (17ms)
	RebuildNativeTypeToScriptingClass (6ms)
	initialDomainReloadingComplete (18ms)
	LoadAllAssembliesAndSetupDomain (120ms)
		LoadAssemblies (161ms)
		RebuildTransferFunctionScriptingTraits (0ms)
		AnalyzeDomain (9ms)
			TypeCache.Refresh (4ms)
				TypeCache.ScanAssembly (0ms)
			ScanForSourceGeneratedMonoScriptInfo (0ms)
			ResolveRequiredComponents (3ms)
	FinalizeReload (582ms)
		ReleaseScriptCaches (0ms)
		RebuildScriptCaches (0ms)
		SetupLoadedEditorAssemblies (230ms)
			LogAssemblyErrors (0ms)
			InitializePlatformSupportModulesInManaged (4ms)
			SetLoadedEditorAssemblies (2ms)
			RefreshPlugins (0ms)
			BeforeProcessingInitializeOnLoad (37ms)
			ProcessInitializeOnLoadAttributes (171ms)
			ProcessInitializeOnLoadMethodAttributes (12ms)
			AfterProcessingInitializeOnLoad (4ms)
			EditorAssembliesLoaded (0ms)
		ExecutionOrderSort2 (0ms)
		AwakeInstancesAfterBackupRestoration (4ms)
Refreshing native plugins compatible for Editor in 2.32 ms, found 3 plugins.
Preloading 0 native plugins for Editor in 0.00 ms.
Unloading 3284 Unused Serialized files (Serialized files now loaded: 0)
Unloading 25 unused Assets / (30.8 KB). Loaded Objects now: 3878.
Memory consumption went from 133.0 MB to 133.0 MB.
Total: 1.911200 ms (FindLiveObjects: 0.148200 ms CreateObjectMapping: 0.070900 ms MarkObjects: 1.663300 ms  DeleteObjects: 0.028100 ms)

Prepare: number of updated asset objects reloaded= 0
AssetImportParameters requested are different than current active one (requested -> active):
  custom:container-demuxer-ogg: 62fdf1f143b41e24485cea50d1cbac27 -> 
  custom:video-codec-MediaFoundation-h265: 746d11721c4dcdbdad8f713fa42b33f4 -> 
  custom:video-decoder-ogg-theora: a1e56fd34408186e4bbccfd4996cb3dc -> 
  custom:framework-win-MediaFoundation: 216162199b28c13a410421893ffa2e32 -> 
  custom:CustomObjectIndexerAttribute: 9a22284fe3817be447336de3de66b15e -> 
  custom:container-demuxer-webm: 4f35f7cbe854078d1ac9338744f61a02 -> 
  custom:container-muxer-webm: aa71ff27fc2769a1b78a27578f13a17b -> 
  custom:video-decoder-webm-vp8: 9c59270c3fd7afecdb556c50c9e8de78 -> 
  custom:SearchIndexIgnoredProperties: e643bd26f0fe6173181afceb89e7c659 -> 
  custom:AudioImporter_EditorPlatform: d09bf68614088b80899f8185d706f6e7 -> 
  custom:video-encoder-webm-vp8: eb34c28f22e8b96e1ab97ce403110664 -> 
  custom:audio-decoder-ogg-vorbis: bf7c407c2cedff20999df2af8eb42d56 -> 
  custom:audio-encoder-webm-vorbis: bf7c407c2cedff20999df2af8eb42d56 -> 
========================================================================
Received Import Request.
  Time since last request: 254.221486 seconds.
  path: Assets/Scenes/Level1.unity
  artifactKey: Guid(9fc0d4010bbf28b4594072e72b8655ab) Importer(815301076,1909f56bfc062723c751e8b465ee728b)
Start importing Assets/Scenes/Level1.unity using Guid(9fc0d4010bbf28b4594072e72b8655ab) Importer(815301076,1909f56bfc062723c751e8b465ee728b)  -> (artifact id: '10ec7d737792284a709c530397e9a190') in 0.003199 seconds
Number of updated asset objects reloaded before import = 0
Number of asset objects unloaded after import = 0
========================================================================
Received Import Request.
  Time since last request: 24.356359 seconds.
  path: Assets/Hyper casual cartoon castles/Models/Objects/CS_Barricade.fbx
  artifactKey: Guid(9f50f96f243ab34449f9f4ce098f024f) Importer(815301076,1909f56bfc062723c751e8b465ee728b)
Start importing Assets/Hyper casual cartoon castles/Models/Objects/CS_Barricade.fbx using Guid(9f50f96f243ab34449f9f4ce098f024f) Importer(815301076,1909f56bfc062723c751e8b465ee728b)  -> (artifact id: '050bcc397385278f3c0e3c79add60595') in 0.068240 seconds
Number of updated asset objects reloaded before import = 0
Number of asset objects unloaded after import = 9
========================================================================
Received Import Request.
  Time since last request: 0.000011 seconds.
  path: Assets/Hyper casual cartoon castles/Models/Objects/CS_GrassPatch.fbx
  artifactKey: Guid(1e91d841b3b6a1b4098f4f581da7b2b3) Importer(815301076,1909f56bfc062723c751e8b465ee728b)
Start importing Assets/Hyper casual cartoon castles/Models/Objects/CS_GrassPatch.fbx using Guid(1e91d841b3b6a1b4098f4f581da7b2b3) Importer(815301076,1909f56bfc062723c751e8b465ee728b)  -> (artifact id: '99b0b3a6f0ac2e9b1278640b1b641928') in 0.042046 seconds
Number of updated asset objects reloaded before import = 0
Number of asset objects unloaded after import = 9
========================================================================
Received Import Request.
  Time since last request: 0.000010 seconds.
  path: Assets/Hyper casual cartoon castles/Models/Objects/CS_Rock.fbx
  artifactKey: Guid(39bc3dbd3bca3354e81ba5ed67c6e8ec) Importer(815301076,1909f56bfc062723c751e8b465ee728b)
Start importing Assets/Hyper casual cartoon castles/Models/Objects/CS_Rock.fbx using Guid(39bc3dbd3bca3354e81ba5ed67c6e8ec) Importer(815301076,1909f56bfc062723c751e8b465ee728b)  -> (artifact id: 'd61f637e344b71e961148a25511fd04d') in 0.030875 seconds
Number of updated asset objects reloaded before import = 0
Number of asset objects unloaded after import = 7
========================================================================
Received Import Request.
  Time since last request: 0.000010 seconds.
  path: Assets/Hyper casual cartoon castles/Models/Objects/CS_YellowFlower.fbx
  artifactKey: Guid(7763d6999b991994bafede10e52a0f14) Importer(815301076,1909f56bfc062723c751e8b465ee728b)
Start importing Assets/Hyper casual cartoon castles/Models/Objects/CS_YellowFlower.fbx using Guid(7763d6999b991994bafede10e52a0f14) Importer(815301076,1909f56bfc062723c751e8b465ee728b)  -> (artifact id: '85cc45fccbe9f6c6987e938e16a5608f') in 0.043487 seconds
Number of updated asset objects reloaded before import = 0
Number of asset objects unloaded after import = 9
========================================================================
Received Import Request.
  Time since last request: 0.000012 seconds.
  path: Assets/Hyper casual cartoon castles/Models/Objects/CS_BlueFlower.fbx
  artifactKey: Guid(53482c3230d0e4743a53967b8747621a) Importer(815301076,1909f56bfc062723c751e8b465ee728b)
Start importing Assets/Hyper casual cartoon castles/Models/Objects/CS_BlueFlower.fbx using Guid(53482c3230d0e4743a53967b8747621a) Importer(815301076,1909f56bfc062723c751e8b465ee728b)  -> (artifact id: '3533746b16c372b9f5f33de302bdfa19') in 0.034163 seconds
Number of updated asset objects reloaded before import = 0
Number of asset objects unloaded after import = 9
========================================================================
Received Prepare
Begin MonoManager ReloadAssembly
- Loaded All Assemblies, in  0.262 seconds
Refreshing native plugins compatible for Editor in 2.00 ms, found 3 plugins.
Native extension for WindowsStandalone target not found
Mono: successfully reloaded assembly
- Finished resetting the current domain, in  0.524 seconds
Domain Reload Profiling: 784ms
	BeginReloadAssembly (93ms)
		ExecutionOrderSort (0ms)
		DisableScriptedObjects (2ms)
		BackupInstance (0ms)
		ReleaseScriptingObjects (0ms)
		CreateAndSetChildDomain (18ms)
	RebuildCommonClasses (22ms)
	RebuildNativeTypeToScriptingClass (6ms)
	initialDomainReloadingComplete (17ms)
	LoadAllAssembliesAndSetupDomain (122ms)
		LoadAssemblies (165ms)
		RebuildTransferFunctionScriptingTraits (0ms)
		AnalyzeDomain (9ms)
			TypeCache.Refresh (4ms)
				TypeCache.ScanAssembly (0ms)
			ScanForSourceGeneratedMonoScriptInfo (0ms)
			ResolveRequiredComponents (3ms)
	FinalizeReload (524ms)
		ReleaseScriptCaches (0ms)
		RebuildScriptCaches (0ms)
		SetupLoadedEditorAssemblies (227ms)
			LogAssemblyErrors (0ms)
			InitializePlatformSupportModulesInManaged (4ms)
			SetLoadedEditorAssemblies (2ms)
			RefreshPlugins (0ms)
			BeforeProcessingInitializeOnLoad (36ms)
			ProcessInitializeOnLoadAttributes (165ms)
			ProcessInitializeOnLoadMethodAttributes (13ms)
			AfterProcessingInitializeOnLoad (5ms)
			EditorAssembliesLoaded (0ms)
		ExecutionOrderSort2 (0ms)
		AwakeInstancesAfterBackupRestoration (5ms)
Refreshing native plugins compatible for Editor in 2.40 ms, found 3 plugins.
Preloading 0 native plugins for Editor in 0.00 ms.
Unloading 3284 Unused Serialized files (Serialized files now loaded: 0)
Unloading 25 unused Assets / (31.0 KB). Loaded Objects now: 3881.
Memory consumption went from 133.0 MB to 133.0 MB.
Total: 1.943600 ms (FindLiveObjects: 0.146500 ms CreateObjectMapping: 0.080500 ms MarkObjects: 1.689400 ms  DeleteObjects: 0.026500 ms)

Prepare: number of updated asset objects reloaded= 0
AssetImportParameters requested are different than current active one (requested -> active):
  custom:container-demuxer-ogg: 62fdf1f143b41e24485cea50d1cbac27 -> 
  custom:video-codec-MediaFoundation-h265: 746d11721c4dcdbdad8f713fa42b33f4 -> 
  custom:video-decoder-ogg-theora: a1e56fd34408186e4bbccfd4996cb3dc -> 
  custom:framework-win-MediaFoundation: 216162199b28c13a410421893ffa2e32 -> 
  custom:CustomObjectIndexerAttribute: 9a22284fe3817be447336de3de66b15e -> 
  custom:container-demuxer-webm: 4f35f7cbe854078d1ac9338744f61a02 -> 
  custom:container-muxer-webm: aa71ff27fc2769a1b78a27578f13a17b -> 
  custom:video-decoder-webm-vp8: 9c59270c3fd7afecdb556c50c9e8de78 -> 
  custom:SearchIndexIgnoredProperties: e643bd26f0fe6173181afceb89e7c659 -> 
  custom:AudioImporter_EditorPlatform: d09bf68614088b80899f8185d706f6e7 -> 
  custom:video-encoder-webm-vp8: eb34c28f22e8b96e1ab97ce403110664 -> 
  custom:audio-decoder-ogg-vorbis: bf7c407c2cedff20999df2af8eb42d56 -> 
  custom:audio-encoder-webm-vorbis: bf7c407c2cedff20999df2af8eb42d56 -> 
========================================================================
Received Import Request.
  Time since last request: 324.413099 seconds.
  path: Assets/Scenes/Level2.unity
  artifactKey: Guid(8950c31889e0fff428fbd12023499938) Importer(815301076,1909f56bfc062723c751e8b465ee728b)
Start importing Assets/Scenes/Level2.unity using Guid(8950c31889e0fff428fbd12023499938) Importer(815301076,1909f56bfc062723c751e8b465ee728b)  -> (artifact id: '5db4a02a8c1808c684164e63a0ec7fa4') in 0.003168 seconds
Number of updated asset objects reloaded before import = 0
Number of asset objects unloaded after import = 0
========================================================================
Received Import Request.
  Time since last request: 82.230248 seconds.
  path: Assets/Scenes/Showcase.unity
  artifactKey: Guid(d5b270846c0d15849ab76bea0ce40de9) Importer(815301076,1909f56bfc062723c751e8b465ee728b)
Start importing Assets/Scenes/Showcase.unity using Guid(d5b270846c0d15849ab76bea0ce40de9) Importer(815301076,1909f56bfc062723c751e8b465ee728b)  -> (artifact id: 'aee439d7721799d6af62476973901ea4') in 0.000588 seconds
Number of updated asset objects reloaded before import = 0
Number of asset objects unloaded after import = 0
========================================================================
Received Import Request.
  Time since last request: 43.083422 seconds.
  path: Assets/Scenes/Showcase.unity
  artifactKey: Guid(d5b270846c0d15849ab76bea0ce40de9) Importer(815301076,1909f56bfc062723c751e8b465ee728b)
Start importing Assets/Scenes/Showcase.unity using Guid(d5b270846c0d15849ab76bea0ce40de9) Importer(815301076,1909f56bfc062723c751e8b465ee728b)  -> (artifact id: '0573da4f7deed1a9370c18c7d8604191') in 0.000406 seconds
Number of updated asset objects reloaded before import = 0
Number of asset objects unloaded after import = 0
========================================================================
Received Import Request.
  Time since last request: 179.679523 seconds.
  path: Assets/Prefabs/arrow.prefab
  artifactKey: Guid(f50e297c1ddfd7840a5786ffe464a493) Importer(815301076,1909f56bfc062723c751e8b465ee728b)
Start importing Assets/Prefabs/arrow.prefab using Guid(f50e297c1ddfd7840a5786ffe464a493) Importer(815301076,1909f56bfc062723c751e8b465ee728b)  -> (artifact id: 'cb247ba171dbbaf063d5b54d7721c465') in 0.073677 seconds
Number of updated asset objects reloaded before import = 0
Number of asset objects unloaded after import = 12
========================================================================
Received Import Request.
  Time since last request: 0.000011 seconds.
  path: Assets/Prefabs/material 2.mat
  artifactKey: Guid(c6dcf233df29c2a4c962be4db031d140) Importer(815301076,1909f56bfc062723c751e8b465ee728b)
Start importing Assets/Prefabs/material 2.mat using Guid(c6dcf233df29c2a4c962be4db031d140) Importer(815301076,1909f56bfc062723c751e8b465ee728b)  -> (artifact id: '34992e5e76e8fad4707aca8a52541120') in 0.029507 seconds
Number of updated asset objects reloaded before import = 0
Number of asset objects unloaded after import = 1
========================================================================
Received Import Request.
  Time since last request: 0.000010 seconds.
  path: Assets/Prefabs/Bullet 1.prefab
  artifactKey: Guid(ca4409c2ea9676648a10208a9647c826) Importer(815301076,1909f56bfc062723c751e8b465ee728b)
Start importing Assets/Prefabs/Bullet 1.prefab using Guid(ca4409c2ea9676648a10208a9647c826) Importer(815301076,1909f56bfc062723c751e8b465ee728b)  -> (artifact id: '48915d6850a1e3774f375333a486d47b') in 0.037931 seconds
Number of updated asset objects reloaded before import = 0
Number of asset objects unloaded after import = 27
========================================================================
Received Import Request.
  Time since last request: 0.000011 seconds.
  path: Assets/Prefabs/Tower2.prefab
  artifactKey: Guid(71a656edaed21b74093810a30e7186f5) Importer(815301076,1909f56bfc062723c751e8b465ee728b)
Start importing Assets/Prefabs/Tower2.prefab using Guid(71a656edaed21b74093810a30e7186f5) Importer(815301076,1909f56bfc062723c751e8b465ee728b)  -> (artifact id: '65308131f2c06e5b7f0c4cd1fcccafe2') in 0.014206 seconds
Number of updated asset objects reloaded before import = 0
Number of asset objects unloaded after import = 36
========================================================================
Received Import Request.
  Time since last request: 0.000017 seconds.
  path: Assets/Prefabs/BulletMat.mat
  artifactKey: Guid(f90c1ed96dfde5f438c5196f6316efa1) Importer(815301076,1909f56bfc062723c751e8b465ee728b)
Start importing Assets/Prefabs/BulletMat.mat using Guid(f90c1ed96dfde5f438c5196f6316efa1) Importer(815301076,1909f56bfc062723c751e8b465ee728b)  -> (artifact id: '0d882ad0dc0d11ab171da7b595131d9e') in 0.019148 seconds
Number of updated asset objects reloaded before import = 0
Number of asset objects unloaded after import = 1
========================================================================
Received Import Request.
  Time since last request: 0.000011 seconds.
  path: Assets/Prefabs/Orc_Base.prefab
  artifactKey: Guid(5a8bda6352dddba43950d89d8d1d3f4e) Importer(815301076,1909f56bfc062723c751e8b465ee728b)
Start importing Assets/Prefabs/Orc_Base.prefab using Guid(5a8bda6352dddba43950d89d8d1d3f4e) Importer(815301076,1909f56bfc062723c751e8b465ee728b)  -> (artifact id: '21d44eeff99d8563fbe9c9db69c17a75') in 0.069767 seconds
Number of updated asset objects reloaded before import = 0
Number of asset objects unloaded after import = 244
========================================================================
Received Import Request.
  Time since last request: 0.000011 seconds.
  path: Assets/Prefabs/Cube (1).prefab
  artifactKey: Guid(e42f3518d5b7a0e42af30581fe960266) Importer(815301076,1909f56bfc062723c751e8b465ee728b)
Start importing Assets/Prefabs/Cube (1).prefab using Guid(e42f3518d5b7a0e42af30581fe960266) Importer(815301076,1909f56bfc062723c751e8b465ee728b)  -> (artifact id: '8ab1d58e02f8b40a3ef8ac71df9b4d67') in 0.017557 seconds
Number of updated asset objects reloaded before import = 0
Number of asset objects unloaded after import = 7
========================================================================
Received Import Request.
  Time since last request: 0.000009 seconds.
  path: Assets/Prefabs/Enemy 1.prefab
  artifactKey: Guid(56fea27d75e29e449a1af34261e2158e) Importer(815301076,1909f56bfc062723c751e8b465ee728b)
Start importing Assets/Prefabs/Enemy 1.prefab using Guid(56fea27d75e29e449a1af34261e2158e) Importer(815301076,1909f56bfc062723c751e8b465ee728b)  -> (artifact id: 'd1c267bff43de51d2debae5337045498') in 0.035888 seconds
Number of updated asset objects reloaded before import = 0
Number of asset objects unloaded after import = 279
========================================================================
Received Import Request.
  Time since last request: 0.000010 seconds.
  path: Assets/Prefabs/Cube (3).prefab
  artifactKey: Guid(aef7bdd155dcba048a1563b30efe3b16) Importer(815301076,1909f56bfc062723c751e8b465ee728b)
Start importing Assets/Prefabs/Cube (3).prefab using Guid(aef7bdd155dcba048a1563b30efe3b16) Importer(815301076,1909f56bfc062723c751e8b465ee728b)  -> (artifact id: '27a6f44dd2b29a6d3956fd5e7e527de3') in 0.008042 seconds
Number of updated asset objects reloaded before import = 0
Number of asset objects unloaded after import = 7
========================================================================
Received Import Request.
  Time since last request: 0.000009 seconds.
  path: Assets/Prefabs/Enemy.prefab
  artifactKey: Guid(db586d294c308504f8ce069d0e8f9eae) Importer(815301076,1909f56bfc062723c751e8b465ee728b)
Start importing Assets/Prefabs/Enemy.prefab using Guid(db586d294c308504f8ce069d0e8f9eae) Importer(815301076,1909f56bfc062723c751e8b465ee728b)  -> (artifact id: '519ddeb91449276236072e4becb25ef0') in 0.030061 seconds
Number of updated asset objects reloaded before import = 0
Number of asset objects unloaded after import = 236
========================================================================
Received Import Request.
  Time since last request: 0.000010 seconds.
  path: Assets/Prefabs/ExplosionEffect.prefab
  artifactKey: Guid(2c0d276d1c1d0494e9afd736cab81d72) Importer(815301076,1909f56bfc062723c751e8b465ee728b)
Start importing Assets/Prefabs/ExplosionEffect.prefab using Guid(2c0d276d1c1d0494e9afd736cab81d72) Importer(815301076,1909f56bfc062723c751e8b465ee728b)  -> (artifact id: '5bb480958c902bbe817dc4e3e6d8510d') in 0.010598 seconds
Number of updated asset objects reloaded before import = 0
Number of asset objects unloaded after import = 6
========================================================================
Received Import Request.
  Time since last request: 0.000010 seconds.
  path: Assets/Prefabs/Cube (1) 1.prefab
  artifactKey: Guid(c46db1e7c01c5db4ba49f4ff72734b15) Importer(815301076,1909f56bfc062723c751e8b465ee728b)
Start importing Assets/Prefabs/Cube (1) 1.prefab using Guid(c46db1e7c01c5db4ba49f4ff72734b15) Importer(815301076,1909f56bfc062723c751e8b465ee728b)  -> (artifact id: '070318c104ae8a7c6bbfb38654d4543b') in 0.008614 seconds
Number of updated asset objects reloaded before import = 0
Number of asset objects unloaded after import = 7
========================================================================
Received Import Request.
  Time since last request: 0.000036 seconds.
  path: Assets/Prefabs/material1.mat
  artifactKey: Guid(82a2fba998d1a2c46bfc418d6db8e63f) Importer(815301076,1909f56bfc062723c751e8b465ee728b)
Start importing Assets/Prefabs/material1.mat using Guid(82a2fba998d1a2c46bfc418d6db8e63f) Importer(815301076,1909f56bfc062723c751e8b465ee728b)  -> (artifact id: '6498c705473c628f0e5788efd4011a07') in 0.009503 seconds
Number of updated asset objects reloaded before import = 0
Number of asset objects unloaded after import = 1
========================================================================
Received Import Request.
  Time since last request: 0.000012 seconds.
  path: Assets/Prefabs/Tower.prefab
  artifactKey: Guid(cf9a5660d4845d0418b924a039ece9e8) Importer(815301076,1909f56bfc062723c751e8b465ee728b)
Start importing Assets/Prefabs/Tower.prefab using Guid(cf9a5660d4845d0418b924a039ece9e8) Importer(815301076,1909f56bfc062723c751e8b465ee728b)  -> (artifact id: '41351866c3fd997f77d5e1c0a523f3e2') in 0.009277 seconds
Number of updated asset objects reloaded before import = 0
Number of asset objects unloaded after import = 10
========================================================================
Received Import Request.
  Time since last request: 0.000016 seconds.
  path: Assets/Prefabs/DamageNumber .prefab
  artifactKey: Guid(f4b0019560a362f4cb664ec22b6053bc) Importer(815301076,1909f56bfc062723c751e8b465ee728b)
Start importing Assets/Prefabs/DamageNumber .prefab using Guid(f4b0019560a362f4cb664ec22b6053bc) Importer(815301076,1909f56bfc062723c751e8b465ee728b)  -> (artifact id: '4cfdce51e50ce5fdd3416fe630a69d62') in 0.001526 seconds
Number of updated asset objects reloaded before import = 0
Number of asset objects unloaded after import = 16
========================================================================
Received Import Request.
  Time since last request: 0.000009 seconds.
  path: Assets/Prefabs/Cube (2).prefab
  artifactKey: Guid(5161aca2a4bc1f04386a28319160908e) Importer(815301076,1909f56bfc062723c751e8b465ee728b)
Start importing Assets/Prefabs/Cube (2).prefab using Guid(5161aca2a4bc1f04386a28319160908e) Importer(815301076,1909f56bfc062723c751e8b465ee728b)  -> (artifact id: '4af0f476a675c2a167e3f0c1a3986b4f') in 0.010205 seconds
Number of updated asset objects reloaded before import = 0
Number of asset objects unloaded after import = 7
========================================================================
Received Import Request.
  Time since last request: 0.000010 seconds.
  path: Assets/Prefabs/Poisoneffect.prefab
  artifactKey: Guid(0f437589d2787d243b4df3daa3de5b33) Importer(815301076,1909f56bfc062723c751e8b465ee728b)
Start importing Assets/Prefabs/Poisoneffect.prefab using Guid(0f437589d2787d243b4df3daa3de5b33) Importer(815301076,1909f56bfc062723c751e8b465ee728b)  -> (artifact id: 'ff9fa64e1937d6ea13256bdcbe3b0d23') in 0.010325 seconds
Number of updated asset objects reloaded before import = 0
Number of asset objects unloaded after import = 6
========================================================================
Received Prepare
Begin MonoManager ReloadAssembly
- Loaded All Assemblies, in  0.257 seconds
Refreshing native plugins compatible for Editor in 2.04 ms, found 3 plugins.
Native extension for WindowsStandalone target not found
Mono: successfully reloaded assembly
- Finished resetting the current domain, in  0.563 seconds
Domain Reload Profiling: 819ms
	BeginReloadAssembly (92ms)
		ExecutionOrderSort (0ms)
		DisableScriptedObjects (2ms)
		BackupInstance (0ms)
		ReleaseScriptingObjects (0ms)
		CreateAndSetChildDomain (18ms)
	RebuildCommonClasses (18ms)
	RebuildNativeTypeToScriptingClass (6ms)
	initialDomainReloadingComplete (18ms)
	LoadAllAssembliesAndSetupDomain (122ms)
		LoadAssemblies (164ms)
		RebuildTransferFunctionScriptingTraits (0ms)
		AnalyzeDomain (9ms)
			TypeCache.Refresh (4ms)
				TypeCache.ScanAssembly (0ms)
			ScanForSourceGeneratedMonoScriptInfo (0ms)
			ResolveRequiredComponents (3ms)
	FinalizeReload (564ms)
		ReleaseScriptCaches (0ms)
		RebuildScriptCaches (0ms)
		SetupLoadedEditorAssemblies (238ms)
			LogAssemblyErrors (0ms)
			InitializePlatformSupportModulesInManaged (4ms)
			SetLoadedEditorAssemblies (2ms)
			RefreshPlugins (0ms)
			BeforeProcessingInitializeOnLoad (38ms)
			ProcessInitializeOnLoadAttributes (176ms)
			ProcessInitializeOnLoadMethodAttributes (13ms)
			AfterProcessingInitializeOnLoad (5ms)
			EditorAssembliesLoaded (0ms)
		ExecutionOrderSort2 (0ms)
		AwakeInstancesAfterBackupRestoration (5ms)
Refreshing native plugins compatible for Editor in 2.38 ms, found 3 plugins.
Preloading 0 native plugins for Editor in 0.00 ms.
Unloading 3284 Unused Serialized files (Serialized files now loaded: 0)
Unloading 27 unused Assets / (32.7 KB). Loaded Objects now: 3887.
Memory consumption went from 133.2 MB to 133.2 MB.
Total: 1.751000 ms (FindLiveObjects: 0.164100 ms CreateObjectMapping: 0.045600 ms MarkObjects: 1.495500 ms  DeleteObjects: 0.045100 ms)

Prepare: number of updated asset objects reloaded= 0
AssetImportParameters requested are different than current active one (requested -> active):
  custom:container-demuxer-ogg: 62fdf1f143b41e24485cea50d1cbac27 -> 
  custom:video-codec-MediaFoundation-h265: 746d11721c4dcdbdad8f713fa42b33f4 -> 
  custom:video-decoder-ogg-theora: a1e56fd34408186e4bbccfd4996cb3dc -> 
  custom:framework-win-MediaFoundation: 216162199b28c13a410421893ffa2e32 -> 
  custom:CustomObjectIndexerAttribute: 9a22284fe3817be447336de3de66b15e -> 
  custom:container-demuxer-webm: 4f35f7cbe854078d1ac9338744f61a02 -> 
  custom:container-muxer-webm: aa71ff27fc2769a1b78a27578f13a17b -> 
  custom:video-decoder-webm-vp8: 9c59270c3fd7afecdb556c50c9e8de78 -> 
  custom:SearchIndexIgnoredProperties: e643bd26f0fe6173181afceb89e7c659 -> 
  custom:AudioImporter_EditorPlatform: d09bf68614088b80899f8185d706f6e7 -> 
  custom:video-encoder-webm-vp8: eb34c28f22e8b96e1ab97ce403110664 -> 
  custom:audio-decoder-ogg-vorbis: bf7c407c2cedff20999df2af8eb42d56 -> 
  custom:audio-encoder-webm-vorbis: bf7c407c2cedff20999df2af8eb42d56 -> 
========================================================================
Received Prepare
Begin MonoManager ReloadAssembly
- Loaded All Assemblies, in  0.246 seconds
Refreshing native plugins compatible for Editor in 2.30 ms, found 3 plugins.
Native extension for WindowsStandalone target not found
Mono: successfully reloaded assembly
- Finished resetting the current domain, in  0.534 seconds
Domain Reload Profiling: 778ms
	BeginReloadAssembly (88ms)
		ExecutionOrderSort (0ms)
		DisableScriptedObjects (3ms)
		BackupInstance (0ms)
		ReleaseScriptingObjects (0ms)
		CreateAndSetChildDomain (16ms)
	RebuildCommonClasses (18ms)
	RebuildNativeTypeToScriptingClass (6ms)
	initialDomainReloadingComplete (16ms)
	LoadAllAssembliesAndSetupDomain (117ms)
		LoadAssemblies (157ms)
		RebuildTransferFunctionScriptingTraits (0ms)
		AnalyzeDomain (9ms)
			TypeCache.Refresh (4ms)
				TypeCache.ScanAssembly (0ms)
			ScanForSourceGeneratedMonoScriptInfo (0ms)
			ResolveRequiredComponents (3ms)
	FinalizeReload (534ms)
		ReleaseScriptCaches (0ms)
		RebuildScriptCaches (0ms)
		SetupLoadedEditorAssemblies (238ms)
			LogAssemblyErrors (0ms)
			InitializePlatformSupportModulesInManaged (4ms)
			SetLoadedEditorAssemblies (2ms)
			RefreshPlugins (0ms)
			BeforeProcessingInitializeOnLoad (37ms)
			ProcessInitializeOnLoadAttributes (178ms)
			ProcessInitializeOnLoadMethodAttributes (12ms)
			AfterProcessingInitializeOnLoad (4ms)
			EditorAssembliesLoaded (0ms)
		ExecutionOrderSort2 (0ms)
		AwakeInstancesAfterBackupRestoration (5ms)
Refreshing native plugins compatible for Editor in 2.27 ms, found 3 plugins.
Preloading 0 native plugins for Editor in 0.00 ms.
Unloading 3284 Unused Serialized files (Serialized files now loaded: 0)
Unloading 25 unused Assets / (30.8 KB). Loaded Objects now: 3890.
Memory consumption went from 133.2 MB to 133.2 MB.
Total: 1.766700 ms (FindLiveObjects: 0.137800 ms CreateObjectMapping: 0.044400 ms MarkObjects: 1.555200 ms  DeleteObjects: 0.028700 ms)

Prepare: number of updated asset objects reloaded= 0
AssetImportParameters requested are different than current active one (requested -> active):
  custom:container-demuxer-ogg: 62fdf1f143b41e24485cea50d1cbac27 -> 
  custom:video-codec-MediaFoundation-h265: 746d11721c4dcdbdad8f713fa42b33f4 -> 
  custom:video-decoder-ogg-theora: a1e56fd34408186e4bbccfd4996cb3dc -> 
  custom:framework-win-MediaFoundation: 216162199b28c13a410421893ffa2e32 -> 
  custom:CustomObjectIndexerAttribute: 9a22284fe3817be447336de3de66b15e -> 
  custom:container-demuxer-webm: 4f35f7cbe854078d1ac9338744f61a02 -> 
  custom:container-muxer-webm: aa71ff27fc2769a1b78a27578f13a17b -> 
  custom:video-decoder-webm-vp8: 9c59270c3fd7afecdb556c50c9e8de78 -> 
  custom:SearchIndexIgnoredProperties: e643bd26f0fe6173181afceb89e7c659 -> 
  custom:AudioImporter_EditorPlatform: d09bf68614088b80899f8185d706f6e7 -> 
  custom:video-encoder-webm-vp8: eb34c28f22e8b96e1ab97ce403110664 -> 
  custom:audio-decoder-ogg-vorbis: bf7c407c2cedff20999df2af8eb42d56 -> 
  custom:audio-encoder-webm-vorbis: bf7c407c2cedff20999df2af8eb42d56 -> 
========================================================================
Received Import Request.
  Time since last request: 94.943799 seconds.
  path: Assets/Scenes/SampleScene.unity
  artifactKey: Guid(92a54fcc1e8d3224d8ade4c4b5e5b9e1) Importer(815301076,1909f56bfc062723c751e8b465ee728b)
Start importing Assets/Scenes/SampleScene.unity using Guid(92a54fcc1e8d3224d8ade4c4b5e5b9e1) Importer(815301076,1909f56bfc062723c751e8b465ee728b)  -> (artifact id: '4b53a415808cc20d8614e147c3456ac9') in 0.003266 seconds
Number of updated asset objects reloaded before import = 0
Number of asset objects unloaded after import = 0
========================================================================
Received Import Request.
  Time since last request: 8.883425 seconds.
  path: Assets/Scenes/Showcase.unity
  artifactKey: Guid(d5b270846c0d15849ab76bea0ce40de9) Importer(815301076,1909f56bfc062723c751e8b465ee728b)
Start importing Assets/Scenes/Showcase.unity using Guid(d5b270846c0d15849ab76bea0ce40de9) Importer(815301076,1909f56bfc062723c751e8b465ee728b)  -> (artifact id: '2af6771d7f466af99340f851ff651b25') in 0.000427 seconds
Number of updated asset objects reloaded before import = 0
Number of asset objects unloaded after import = 0
========================================================================
Received Prepare
Begin MonoManager ReloadAssembly
- Loaded All Assemblies, in  0.247 seconds
Refreshing native plugins compatible for Editor in 2.15 ms, found 3 plugins.
Native extension for WindowsStandalone target not found
Mono: successfully reloaded assembly
- Finished resetting the current domain, in  0.545 seconds
Domain Reload Profiling: 791ms
	BeginReloadAssembly (87ms)
		ExecutionOrderSort (0ms)
		DisableScriptedObjects (2ms)
		BackupInstance (0ms)
		ReleaseScriptingObjects (0ms)
		CreateAndSetChildDomain (17ms)
	RebuildCommonClasses (17ms)
	RebuildNativeTypeToScriptingClass (5ms)
	initialDomainReloadingComplete (17ms)
	LoadAllAssembliesAndSetupDomain (119ms)
		LoadAssemblies (156ms)
		RebuildTransferFunctionScriptingTraits (0ms)
		AnalyzeDomain (9ms)
			TypeCache.Refresh (4ms)
				TypeCache.ScanAssembly (0ms)
			ScanForSourceGeneratedMonoScriptInfo (0ms)
			ResolveRequiredComponents (4ms)
	FinalizeReload (545ms)
		ReleaseScriptCaches (0ms)
		RebuildScriptCaches (0ms)
		SetupLoadedEditorAssemblies (233ms)
			LogAssemblyErrors (0ms)
			InitializePlatformSupportModulesInManaged (4ms)
			SetLoadedEditorAssemblies (2ms)
			RefreshPlugins (0ms)
			BeforeProcessingInitializeOnLoad (37ms)
			ProcessInitializeOnLoadAttributes (173ms)
			ProcessInitializeOnLoadMethodAttributes (12ms)
			AfterProcessingInitializeOnLoad (5ms)
			EditorAssembliesLoaded (0ms)
		ExecutionOrderSort2 (0ms)
		AwakeInstancesAfterBackupRestoration (6ms)
Refreshing native plugins compatible for Editor in 2.60 ms, found 3 plugins.
Preloading 0 native plugins for Editor in 0.00 ms.
Unloading 3284 Unused Serialized files (Serialized files now loaded: 0)
Unloading 25 unused Assets / (30.9 KB). Loaded Objects now: 3893.
Memory consumption went from 133.2 MB to 133.2 MB.
Total: 1.771700 ms (FindLiveObjects: 0.143400 ms CreateObjectMapping: 0.042600 ms MarkObjects: 1.556300 ms  DeleteObjects: 0.029000 ms)

Prepare: number of updated asset objects reloaded= 0
AssetImportParameters requested are different than current active one (requested -> active):
  custom:container-demuxer-ogg: 62fdf1f143b41e24485cea50d1cbac27 -> 
  custom:video-codec-MediaFoundation-h265: 746d11721c4dcdbdad8f713fa42b33f4 -> 
  custom:video-decoder-ogg-theora: a1e56fd34408186e4bbccfd4996cb3dc -> 
  custom:framework-win-MediaFoundation: 216162199b28c13a410421893ffa2e32 -> 
  custom:CustomObjectIndexerAttribute: 9a22284fe3817be447336de3de66b15e -> 
  custom:container-demuxer-webm: 4f35f7cbe854078d1ac9338744f61a02 -> 
  custom:container-muxer-webm: aa71ff27fc2769a1b78a27578f13a17b -> 
  custom:video-decoder-webm-vp8: 9c59270c3fd7afecdb556c50c9e8de78 -> 
  custom:SearchIndexIgnoredProperties: e643bd26f0fe6173181afceb89e7c659 -> 
  custom:AudioImporter_EditorPlatform: d09bf68614088b80899f8185d706f6e7 -> 
  custom:video-encoder-webm-vp8: eb34c28f22e8b96e1ab97ce403110664 -> 
  custom:audio-decoder-ogg-vorbis: bf7c407c2cedff20999df2af8eb42d56 -> 
  custom:audio-encoder-webm-vorbis: bf7c407c2cedff20999df2af8eb42d56 -> 
========================================================================
Received Prepare
Begin MonoManager ReloadAssembly
- Loaded All Assemblies, in  0.255 seconds
Refreshing native plugins compatible for Editor in 2.18 ms, found 3 plugins.
Native extension for WindowsStandalone target not found
Mono: successfully reloaded assembly
- Finished resetting the current domain, in  0.548 seconds
Domain Reload Profiling: 802ms
	BeginReloadAssembly (91ms)
		ExecutionOrderSort (0ms)
		DisableScriptedObjects (3ms)
		BackupInstance (0ms)
		ReleaseScriptingObjects (0ms)
		CreateAndSetChildDomain (16ms)
	RebuildCommonClasses (18ms)
	RebuildNativeTypeToScriptingClass (6ms)
	initialDomainReloadingComplete (17ms)
	LoadAllAssembliesAndSetupDomain (121ms)
		LoadAssemblies (161ms)
		RebuildTransferFunctionScriptingTraits (0ms)
		AnalyzeDomain (9ms)
			TypeCache.Refresh (4ms)
				TypeCache.ScanAssembly (0ms)
			ScanForSourceGeneratedMonoScriptInfo (0ms)
			ResolveRequiredComponents (4ms)
	FinalizeReload (548ms)
		ReleaseScriptCaches (0ms)
		RebuildScriptCaches (0ms)
		SetupLoadedEditorAssemblies (236ms)
			LogAssemblyErrors (0ms)
			InitializePlatformSupportModulesInManaged (4ms)
			SetLoadedEditorAssemblies (2ms)
			RefreshPlugins (0ms)
			BeforeProcessingInitializeOnLoad (36ms)
			ProcessInitializeOnLoadAttributes (176ms)
			ProcessInitializeOnLoadMethodAttributes (13ms)
			AfterProcessingInitializeOnLoad (5ms)
			EditorAssembliesLoaded (0ms)
		ExecutionOrderSort2 (0ms)
		AwakeInstancesAfterBackupRestoration (4ms)
Refreshing native plugins compatible for Editor in 2.23 ms, found 3 plugins.
Preloading 0 native plugins for Editor in 0.00 ms.
Unloading 3284 Unused Serialized files (Serialized files now loaded: 0)
Unloading 25 unused Assets / (30.8 KB). Loaded Objects now: 3896.
Memory consumption went from 133.2 MB to 133.2 MB.
Total: 1.739700 ms (FindLiveObjects: 0.137600 ms CreateObjectMapping: 0.043800 ms MarkObjects: 1.531700 ms  DeleteObjects: 0.026100 ms)

Prepare: number of updated asset objects reloaded= 0
AssetImportParameters requested are different than current active one (requested -> active):
  custom:container-demuxer-ogg: 62fdf1f143b41e24485cea50d1cbac27 -> 
  custom:video-codec-MediaFoundation-h265: 746d11721c4dcdbdad8f713fa42b33f4 -> 
  custom:video-decoder-ogg-theora: a1e56fd34408186e4bbccfd4996cb3dc -> 
  custom:framework-win-MediaFoundation: 216162199b28c13a410421893ffa2e32 -> 
  custom:CustomObjectIndexerAttribute: 9a22284fe3817be447336de3de66b15e -> 
  custom:container-demuxer-webm: 4f35f7cbe854078d1ac9338744f61a02 -> 
  custom:container-muxer-webm: aa71ff27fc2769a1b78a27578f13a17b -> 
  custom:video-decoder-webm-vp8: 9c59270c3fd7afecdb556c50c9e8de78 -> 
  custom:SearchIndexIgnoredProperties: e643bd26f0fe6173181afceb89e7c659 -> 
  custom:AudioImporter_EditorPlatform: d09bf68614088b80899f8185d706f6e7 -> 
  custom:video-encoder-webm-vp8: eb34c28f22e8b96e1ab97ce403110664 -> 
  custom:audio-decoder-ogg-vorbis: bf7c407c2cedff20999df2af8eb42d56 -> 
  custom:audio-encoder-webm-vorbis: bf7c407c2cedff20999df2af8eb42d56 -> 
========================================================================
Received Prepare
Begin MonoManager ReloadAssembly
- Loaded All Assemblies, in  0.244 seconds
Refreshing native plugins compatible for Editor in 1.96 ms, found 3 plugins.
Native extension for WindowsStandalone target not found
Mono: successfully reloaded assembly
- Finished resetting the current domain, in  0.557 seconds
Domain Reload Profiling: 799ms
	BeginReloadAssembly (87ms)
		ExecutionOrderSort (0ms)
		DisableScriptedObjects (3ms)
		BackupInstance (0ms)
		ReleaseScriptingObjects (0ms)
		CreateAndSetChildDomain (15ms)
	RebuildCommonClasses (18ms)
	RebuildNativeTypeToScriptingClass (6ms)
	initialDomainReloadingComplete (16ms)
	LoadAllAssembliesAndSetupDomain (115ms)
		LoadAssemblies (153ms)
		RebuildTransferFunctionScriptingTraits (0ms)
		AnalyzeDomain (9ms)
			TypeCache.Refresh (4ms)
				TypeCache.ScanAssembly (0ms)
			ScanForSourceGeneratedMonoScriptInfo (0ms)
			ResolveRequiredComponents (3ms)
	FinalizeReload (557ms)
		ReleaseScriptCaches (0ms)
		RebuildScriptCaches (0ms)
		SetupLoadedEditorAssemblies (237ms)
			LogAssemblyErrors (0ms)
			InitializePlatformSupportModulesInManaged (5ms)
			SetLoadedEditorAssemblies (2ms)
			RefreshPlugins (0ms)
			BeforeProcessingInitializeOnLoad (36ms)
			ProcessInitializeOnLoadAttributes (176ms)
			ProcessInitializeOnLoadMethodAttributes (13ms)
			AfterProcessingInitializeOnLoad (5ms)
			EditorAssembliesLoaded (0ms)
		ExecutionOrderSort2 (0ms)
		AwakeInstancesAfterBackupRestoration (4ms)
Refreshing native plugins compatible for Editor in 2.53 ms, found 3 plugins.
Preloading 0 native plugins for Editor in 0.00 ms.
Unloading 3284 Unused Serialized files (Serialized files now loaded: 0)
Unloading 25 unused Assets / (30.8 KB). Loaded Objects now: 3899.
Memory consumption went from 133.2 MB to 133.2 MB.
Total: 1.728400 ms (FindLiveObjects: 0.140700 ms CreateObjectMapping: 0.040200 ms MarkObjects: 1.519500 ms  DeleteObjects: 0.027400 ms)

Prepare: number of updated asset objects reloaded= 0
AssetImportParameters requested are different than current active one (requested -> active):
  custom:container-demuxer-ogg: 62fdf1f143b41e24485cea50d1cbac27 -> 
  custom:video-codec-MediaFoundation-h265: 746d11721c4dcdbdad8f713fa42b33f4 -> 
  custom:video-decoder-ogg-theora: a1e56fd34408186e4bbccfd4996cb3dc -> 
  custom:framework-win-MediaFoundation: 216162199b28c13a410421893ffa2e32 -> 
  custom:CustomObjectIndexerAttribute: 9a22284fe3817be447336de3de66b15e -> 
  custom:container-demuxer-webm: 4f35f7cbe854078d1ac9338744f61a02 -> 
  custom:container-muxer-webm: aa71ff27fc2769a1b78a27578f13a17b -> 
  custom:video-decoder-webm-vp8: 9c59270c3fd7afecdb556c50c9e8de78 -> 
  custom:SearchIndexIgnoredProperties: e643bd26f0fe6173181afceb89e7c659 -> 
  custom:AudioImporter_EditorPlatform: d09bf68614088b80899f8185d706f6e7 -> 
  custom:video-encoder-webm-vp8: eb34c28f22e8b96e1ab97ce403110664 -> 
  custom:audio-decoder-ogg-vorbis: bf7c407c2cedff20999df2af8eb42d56 -> 
  custom:audio-encoder-webm-vorbis: bf7c407c2cedff20999df2af8eb42d56 -> 
========================================================================
Received Import Request.
  Time since last request: 95.735752 seconds.
  path: Assets/!My Prefabs
  artifactKey: Guid(baae4040ba2b04b47aaaa73a0e78eeb7) Importer(815301076,1909f56bfc062723c751e8b465ee728b)
Start importing Assets/!My Prefabs using Guid(baae4040ba2b04b47aaaa73a0e78eeb7) Importer(815301076,1909f56bfc062723c751e8b465ee728b)  -> (artifact id: '672ec05d079174adc144ede24a1aa686') in 0.003868 seconds
Number of updated asset objects reloaded before import = 0
Number of asset objects unloaded after import = 0
========================================================================
Received Import Request.
  Time since last request: 3.200319 seconds.
  path: Assets/!My Prefabs/materials
  artifactKey: Guid(a63167620b499be48b0c0d067427052e) Importer(815301076,1909f56bfc062723c751e8b465ee728b)
Start importing Assets/!My Prefabs/materials using Guid(a63167620b499be48b0c0d067427052e) Importer(815301076,1909f56bfc062723c751e8b465ee728b)  -> (artifact id: 'd716a52aba3d343e0181b97247173cce') in 0.000354 seconds
Number of updated asset objects reloaded before import = 0
Number of asset objects unloaded after import = 0
========================================================================
Received Import Request.
  Time since last request: 0.098499 seconds.
  path: Assets/!My Prefabs/materials/lvl2ground.mat
  artifactKey: Guid(943d3dfd4c0bb884aa643e134d7c9943) Importer(815301076,1909f56bfc062723c751e8b465ee728b)
Start importing Assets/!My Prefabs/materials/lvl2ground.mat using Guid(943d3dfd4c0bb884aa643e134d7c9943) Importer(815301076,1909f56bfc062723c751e8b465ee728b)  -> (artifact id: '17b7974d393e1614815e0c567ce24523') in 0.051772 seconds
Number of updated asset objects reloaded before import = 0
Number of asset objects unloaded after import = 1
========================================================================
Received Import Request.
  Time since last request: 7.754100 seconds.
  path: Assets/!My Prefabs/materials/New Material.mat
  artifactKey: Guid(30e9c3af95a6bc543879d80062b9f480) Importer(815301076,1909f56bfc062723c751e8b465ee728b)
Start importing Assets/!My Prefabs/materials/New Material.mat using Guid(30e9c3af95a6bc543879d80062b9f480) Importer(815301076,1909f56bfc062723c751e8b465ee728b)  -> (artifact id: '2c8253ce891d50d92c644b0ca52cd33a') in 0.012825 seconds
Number of updated asset objects reloaded before import = 0
Number of asset objects unloaded after import = 1
========================================================================
Received Import Request.
  Time since last request: 6.021066 seconds.
  path: Assets/!My Prefabs/materials/bulletmat.mat
  artifactKey: Guid(30e9c3af95a6bc543879d80062b9f480) Importer(815301076,1909f56bfc062723c751e8b465ee728b)
Start importing Assets/!My Prefabs/materials/bulletmat.mat using Guid(30e9c3af95a6bc543879d80062b9f480) Importer(815301076,1909f56bfc062723c751e8b465ee728b)  -> (artifact id: 'a68c3efbe01841f22305a272b48bd004') in 0.017418 seconds
Number of updated asset objects reloaded before import = 0
Number of asset objects unloaded after import = 1
========================================================================
Received Import Request.
  Time since last request: 22.086679 seconds.
  path: Assets/!My Prefabs/Bullet 2.prefab
  artifactKey: Guid(9dd5a045a3b980941b2cdf4a94cd46b9) Importer(815301076,1909f56bfc062723c751e8b465ee728b)
Start importing Assets/!My Prefabs/Bullet 2.prefab using Guid(9dd5a045a3b980941b2cdf4a94cd46b9) Importer(815301076,1909f56bfc062723c751e8b465ee728b)  -> (artifact id: 'cf6a2d4cbdc9478661d4ce6fdf9d3a63') in 0.019074 seconds
Number of updated asset objects reloaded before import = 0
Number of asset objects unloaded after import = 9
========================================================================
Received Prepare
Begin MonoManager ReloadAssembly
- Loaded All Assemblies, in  0.256 seconds
Refreshing native plugins compatible for Editor in 2.08 ms, found 3 plugins.
Native extension for WindowsStandalone target not found
Mono: successfully reloaded assembly
- Finished resetting the current domain, in  0.525 seconds
Domain Reload Profiling: 779ms
	BeginReloadAssembly (91ms)
		ExecutionOrderSort (0ms)
		DisableScriptedObjects (3ms)
		BackupInstance (0ms)
		ReleaseScriptingObjects (0ms)
		CreateAndSetChildDomain (17ms)
	RebuildCommonClasses (18ms)
	RebuildNativeTypeToScriptingClass (7ms)
	initialDomainReloadingComplete (18ms)
	LoadAllAssembliesAndSetupDomain (120ms)
		LoadAssemblies (160ms)
		RebuildTransferFunctionScriptingTraits (0ms)
		AnalyzeDomain (9ms)
			TypeCache.Refresh (4ms)
				TypeCache.ScanAssembly (0ms)
			ScanForSourceGeneratedMonoScriptInfo (0ms)
			ResolveRequiredComponents (3ms)
	FinalizeReload (525ms)
		ReleaseScriptCaches (0ms)
		RebuildScriptCaches (0ms)
		SetupLoadedEditorAssemblies (235ms)
			LogAssemblyErrors (0ms)
			InitializePlatformSupportModulesInManaged (4ms)
			SetLoadedEditorAssemblies (2ms)
			RefreshPlugins (0ms)
			BeforeProcessingInitializeOnLoad (36ms)
			ProcessInitializeOnLoadAttributes (176ms)
			ProcessInitializeOnLoadMethodAttributes (13ms)
			AfterProcessingInitializeOnLoad (5ms)
			EditorAssembliesLoaded (0ms)
		ExecutionOrderSort2 (0ms)
		AwakeInstancesAfterBackupRestoration (4ms)
Refreshing native plugins compatible for Editor in 2.36 ms, found 3 plugins.
Preloading 0 native plugins for Editor in 0.00 ms.
Unloading 3284 Unused Serialized files (Serialized files now loaded: 0)
Unloading 25 unused Assets / (30.8 KB). Loaded Objects now: 3902.
Memory consumption went from 133.3 MB to 133.3 MB.
Total: 1.735300 ms (FindLiveObjects: 0.163100 ms CreateObjectMapping: 0.047100 ms MarkObjects: 1.494800 ms  DeleteObjects: 0.029700 ms)

Prepare: number of updated asset objects reloaded= 0
AssetImportParameters requested are different than current active one (requested -> active):
  custom:container-demuxer-ogg: 62fdf1f143b41e24485cea50d1cbac27 -> 
  custom:video-codec-MediaFoundation-h265: 746d11721c4dcdbdad8f713fa42b33f4 -> 
  custom:video-decoder-ogg-theora: a1e56fd34408186e4bbccfd4996cb3dc -> 
  custom:framework-win-MediaFoundation: 216162199b28c13a410421893ffa2e32 -> 
  custom:CustomObjectIndexerAttribute: 9a22284fe3817be447336de3de66b15e -> 
  custom:container-demuxer-webm: 4f35f7cbe854078d1ac9338744f61a02 -> 
  custom:container-muxer-webm: aa71ff27fc2769a1b78a27578f13a17b -> 
  custom:video-decoder-webm-vp8: 9c59270c3fd7afecdb556c50c9e8de78 -> 
  custom:SearchIndexIgnoredProperties: e643bd26f0fe6173181afceb89e7c659 -> 
  custom:AudioImporter_EditorPlatform: d09bf68614088b80899f8185d706f6e7 -> 
  custom:video-encoder-webm-vp8: eb34c28f22e8b96e1ab97ce403110664 -> 
  custom:audio-decoder-ogg-vorbis: bf7c407c2cedff20999df2af8eb42d56 -> 
  custom:audio-encoder-webm-vorbis: bf7c407c2cedff20999df2af8eb42d56 -> 
========================================================================
Received Prepare
Begin MonoManager ReloadAssembly
- Loaded All Assemblies, in  0.241 seconds
Refreshing native plugins compatible for Editor in 2.20 ms, found 3 plugins.
Native extension for WindowsStandalone target not found
Mono: successfully reloaded assembly
- Finished resetting the current domain, in  0.586 seconds
Domain Reload Profiling: 826ms
	BeginReloadAssembly (85ms)
		ExecutionOrderSort (0ms)
		DisableScriptedObjects (3ms)
		BackupInstance (0ms)
		ReleaseScriptingObjects (0ms)
		CreateAndSetChildDomain (15ms)
	RebuildCommonClasses (17ms)
	RebuildNativeTypeToScriptingClass (6ms)
	initialDomainReloadingComplete (16ms)
	LoadAllAssembliesAndSetupDomain (115ms)
		LoadAssemblies (153ms)
		RebuildTransferFunctionScriptingTraits (0ms)
		AnalyzeDomain (8ms)
			TypeCache.Refresh (4ms)
				TypeCache.ScanAssembly (0ms)
			ScanForSourceGeneratedMonoScriptInfo (0ms)
			ResolveRequiredComponents (3ms)
	FinalizeReload (586ms)
		ReleaseScriptCaches (0ms)
		RebuildScriptCaches (0ms)
		SetupLoadedEditorAssemblies (255ms)
			LogAssemblyErrors (0ms)
			InitializePlatformSupportModulesInManaged (4ms)
			SetLoadedEditorAssemblies (2ms)
			RefreshPlugins (0ms)
			BeforeProcessingInitializeOnLoad (38ms)
			ProcessInitializeOnLoadAttributes (193ms)
			ProcessInitializeOnLoadMethodAttributes (14ms)
			AfterProcessingInitializeOnLoad (4ms)
			EditorAssembliesLoaded (0ms)
		ExecutionOrderSort2 (0ms)
		AwakeInstancesAfterBackupRestoration (5ms)
Refreshing native plugins compatible for Editor in 2.72 ms, found 3 plugins.
Preloading 0 native plugins for Editor in 0.00 ms.
Unloading 3284 Unused Serialized files (Serialized files now loaded: 0)
Unloading 25 unused Assets / (30.8 KB). Loaded Objects now: 3905.
Memory consumption went from 133.3 MB to 133.3 MB.
Total: 1.735400 ms (FindLiveObjects: 0.136700 ms CreateObjectMapping: 0.042900 ms MarkObjects: 1.497500 ms  DeleteObjects: 0.057800 ms)

Prepare: number of updated asset objects reloaded= 0
AssetImportParameters requested are different than current active one (requested -> active):
  custom:container-demuxer-ogg: 62fdf1f143b41e24485cea50d1cbac27 -> 
  custom:video-codec-MediaFoundation-h265: 746d11721c4dcdbdad8f713fa42b33f4 -> 
  custom:video-decoder-ogg-theora: a1e56fd34408186e4bbccfd4996cb3dc -> 
  custom:framework-win-MediaFoundation: 216162199b28c13a410421893ffa2e32 -> 
  custom:CustomObjectIndexerAttribute: 9a22284fe3817be447336de3de66b15e -> 
  custom:container-demuxer-webm: 4f35f7cbe854078d1ac9338744f61a02 -> 
  custom:container-muxer-webm: aa71ff27fc2769a1b78a27578f13a17b -> 
  custom:video-decoder-webm-vp8: 9c59270c3fd7afecdb556c50c9e8de78 -> 
  custom:SearchIndexIgnoredProperties: e643bd26f0fe6173181afceb89e7c659 -> 
  custom:AudioImporter_EditorPlatform: d09bf68614088b80899f8185d706f6e7 -> 
  custom:video-encoder-webm-vp8: eb34c28f22e8b96e1ab97ce403110664 -> 
  custom:audio-decoder-ogg-vorbis: bf7c407c2cedff20999df2af8eb42d56 -> 
  custom:audio-encoder-webm-vorbis: bf7c407c2cedff20999df2af8eb42d56 -> 
========================================================================
Received Import Request.
  Time since last request: 192.267710 seconds.
  path: Assets/!My Prefabs/Bullet 2.prefab
  artifactKey: Guid(9dd5a045a3b980941b2cdf4a94cd46b9) Importer(815301076,1909f56bfc062723c751e8b465ee728b)
Start importing Assets/!My Prefabs/Bullet 2.prefab using Guid(9dd5a045a3b980941b2cdf4a94cd46b9) Importer(815301076,1909f56bfc062723c751e8b465ee728b)  -> (artifact id: '4e852c501e8ee0fe705ecf4d866f94ad') in 0.059222 seconds
Number of updated asset objects reloaded before import = 0
Number of asset objects unloaded after import = 9
========================================================================
Received Import Request.
  Time since last request: 27.366599 seconds.
  path: Assets/!My Prefabs/arrow.prefab
  artifactKey: Guid(f50e297c1ddfd7840a5786ffe464a493) Importer(815301076,1909f56bfc062723c751e8b465ee728b)
Start importing Assets/!My Prefabs/arrow.prefab using Guid(f50e297c1ddfd7840a5786ffe464a493) Importer(815301076,1909f56bfc062723c751e8b465ee728b)  -> (artifact id: '0f9441f022fd566bbf62c78b3da0010f') in 0.013443 seconds
Number of updated asset objects reloaded before import = 0
Number of asset objects unloaded after import = 12
========================================================================
Received Import Request.
  Time since last request: 12.562681 seconds.
  path: Assets/!My Prefabs/arrow.prefab
  artifactKey: Guid(f50e297c1ddfd7840a5786ffe464a493) Importer(815301076,1909f56bfc062723c751e8b465ee728b)
Start importing Assets/!My Prefabs/arrow.prefab using Guid(f50e297c1ddfd7840a5786ffe464a493) Importer(815301076,1909f56bfc062723c751e8b465ee728b)  -> (artifact id: '8d7cf59779557b817dd330aae79f3d6b') in 0.011479 seconds
Number of updated asset objects reloaded before import = 0
Number of asset objects unloaded after import = 12
========================================================================
Received Prepare
Begin MonoManager ReloadAssembly
- Loaded All Assemblies, in  0.252 seconds
Refreshing native plugins compatible for Editor in 2.50 ms, found 3 plugins.
Native extension for WindowsStandalone target not found
Mono: successfully reloaded assembly
- Finished resetting the current domain, in  0.556 seconds
Domain Reload Profiling: 807ms
	BeginReloadAssembly (92ms)
		ExecutionOrderSort (0ms)
		DisableScriptedObjects (2ms)
		BackupInstance (0ms)
		ReleaseScriptingObjects (0ms)
		CreateAndSetChildDomain (18ms)
	RebuildCommonClasses (18ms)
	RebuildNativeTypeToScriptingClass (6ms)
	initialDomainReloadingComplete (18ms)
	LoadAllAssembliesAndSetupDomain (116ms)
		LoadAssemblies (156ms)
		RebuildTransferFunctionScriptingTraits (0ms)
		AnalyzeDomain (10ms)
			TypeCache.Refresh (4ms)
				TypeCache.ScanAssembly (0ms)
			ScanForSourceGeneratedMonoScriptInfo (0ms)
			ResolveRequiredComponents (3ms)
	FinalizeReload (557ms)
		ReleaseScriptCaches (0ms)
		RebuildScriptCaches (0ms)
		SetupLoadedEditorAssemblies (235ms)
			LogAssemblyErrors (0ms)
			InitializePlatformSupportModulesInManaged (4ms)
			SetLoadedEditorAssemblies (2ms)
			RefreshPlugins (0ms)
			BeforeProcessingInitializeOnLoad (37ms)
			ProcessInitializeOnLoadAttributes (174ms)
			ProcessInitializeOnLoadMethodAttributes (13ms)
			AfterProcessingInitializeOnLoad (5ms)
			EditorAssembliesLoaded (0ms)
		ExecutionOrderSort2 (0ms)
		AwakeInstancesAfterBackupRestoration (4ms)
Refreshing native plugins compatible for Editor in 2.31 ms, found 3 plugins.
Preloading 0 native plugins for Editor in 0.00 ms.
Unloading 3284 Unused Serialized files (Serialized files now loaded: 0)
Unloading 25 unused Assets / (30.8 KB). Loaded Objects now: 3908.
Memory consumption went from 133.3 MB to 133.3 MB.
Total: 1.758500 ms (FindLiveObjects: 0.138900 ms CreateObjectMapping: 0.038900 ms MarkObjects: 1.551400 ms  DeleteObjects: 0.028500 ms)

Prepare: number of updated asset objects reloaded= 0
AssetImportParameters requested are different than current active one (requested -> active):
  custom:container-demuxer-ogg: 62fdf1f143b41e24485cea50d1cbac27 -> 
  custom:video-codec-MediaFoundation-h265: 746d11721c4dcdbdad8f713fa42b33f4 -> 
  custom:video-decoder-ogg-theora: a1e56fd34408186e4bbccfd4996cb3dc -> 
  custom:framework-win-MediaFoundation: 216162199b28c13a410421893ffa2e32 -> 
  custom:CustomObjectIndexerAttribute: 9a22284fe3817be447336de3de66b15e -> 
  custom:container-demuxer-webm: 4f35f7cbe854078d1ac9338744f61a02 -> 
  custom:container-muxer-webm: aa71ff27fc2769a1b78a27578f13a17b -> 
  custom:video-decoder-webm-vp8: 9c59270c3fd7afecdb556c50c9e8de78 -> 
  custom:SearchIndexIgnoredProperties: e643bd26f0fe6173181afceb89e7c659 -> 
  custom:AudioImporter_EditorPlatform: d09bf68614088b80899f8185d706f6e7 -> 
  custom:video-encoder-webm-vp8: eb34c28f22e8b96e1ab97ce403110664 -> 
  custom:audio-decoder-ogg-vorbis: bf7c407c2cedff20999df2af8eb42d56 -> 
  custom:audio-encoder-webm-vorbis: bf7c407c2cedff20999df2af8eb42d56 -> 
========================================================================
Received Import Request.
  Time since last request: 140.130945 seconds.
  path: Assets/!My Prefabs/towers
  artifactKey: Guid(64d2ece2b500c6d469ed26f67ba2dc4e) Importer(815301076,1909f56bfc062723c751e8b465ee728b)
Start importing Assets/!My Prefabs/towers using Guid(64d2ece2b500c6d469ed26f67ba2dc4e) Importer(815301076,1909f56bfc062723c751e8b465ee728b)  -> (artifact id: 'c352ed8359c794bb3f588a143afd8b72') in 0.002551 seconds
Number of updated asset objects reloaded before import = 0
Number of asset objects unloaded after import = 0
========================================================================
Received Import Request.
  Time since last request: 0.064819 seconds.
  path: Assets/!My Prefabs/towers/Ballista.prefab
  artifactKey: Guid(dc05bffa205733c479593277ae5ee8eb) Importer(815301076,1909f56bfc062723c751e8b465ee728b)
Start importing Assets/!My Prefabs/towers/Ballista.prefab using Guid(dc05bffa205733c479593277ae5ee8eb) Importer(815301076,1909f56bfc062723c751e8b465ee728b)  -> (artifact id: 'edca394e56efa60023db62ac21a9dcf3') in 0.089511 seconds
Number of updated asset objects reloaded before import = 0
Number of asset objects unloaded after import = 157
========================================================================
Received Import Request.
  Time since last request: 0.000011 seconds.
  path: Assets/!My Prefabs/towers/PoisonSlowDart.prefab
  artifactKey: Guid(7979a657ca44d9240a9f2cc6a412e977) Importer(815301076,1909f56bfc062723c751e8b465ee728b)
Start importing Assets/!My Prefabs/towers/PoisonSlowDart.prefab using Guid(7979a657ca44d9240a9f2cc6a412e977) Importer(815301076,1909f56bfc062723c751e8b465ee728b)  -> (artifact id: 'ff135896999b8ba3e77f60a2abd735b2') in 0.088320 seconds
Number of updated asset objects reloaded before import = 0
Number of asset objects unloaded after import = 128
========================================================================
Received Import Request.
  Time since last request: 7.122626 seconds.
  path: Assets/!My Prefabs/towers/Ballista.prefab
  artifactKey: Guid(dc05bffa205733c479593277ae5ee8eb) Importer(815301076,1909f56bfc062723c751e8b465ee728b)
Start importing Assets/!My Prefabs/towers/Ballista.prefab using Guid(dc05bffa205733c479593277ae5ee8eb) Importer(815301076,1909f56bfc062723c751e8b465ee728b)  -> (artifact id: 'f9e656ddd02c0a757eb5ee017417766c') in 0.021679 seconds
Number of updated asset objects reloaded before import = 0
Number of asset objects unloaded after import = 157
========================================================================
Received Import Request.
  Time since last request: 0.760222 seconds.
  path: Assets/!My Prefabs/towers/Ballista.prefab
  artifactKey: Guid(dc05bffa205733c479593277ae5ee8eb) Importer(815301076,1909f56bfc062723c751e8b465ee728b)
Start importing Assets/!My Prefabs/towers/Ballista.prefab using Guid(dc05bffa205733c479593277ae5ee8eb) Importer(815301076,1909f56bfc062723c751e8b465ee728b)  -> (artifact id: '0a7d2173edf8786f6748a53553ae341d') in 0.018134 seconds
Number of updated asset objects reloaded before import = 0
Number of asset objects unloaded after import = 157
========================================================================
Received Import Request.
  Time since last request: 0.185283 seconds.
  path: Assets/!My Prefabs/towers/Ballista.prefab
  artifactKey: Guid(dc05bffa205733c479593277ae5ee8eb) Importer(815301076,1909f56bfc062723c751e8b465ee728b)
Start importing Assets/!My Prefabs/towers/Ballista.prefab using Guid(dc05bffa205733c479593277ae5ee8eb) Importer(815301076,1909f56bfc062723c751e8b465ee728b)  -> (artifact id: 'c99430f3ec724b6d8fa86e8ee7bdab34') in 0.017686 seconds
Number of updated asset objects reloaded before import = 0
Number of asset objects unloaded after import = 157
========================================================================
Received Prepare
Begin MonoManager ReloadAssembly
- Loaded All Assemblies, in  0.252 seconds
Refreshing native plugins compatible for Editor in 2.39 ms, found 3 plugins.
Native extension for WindowsStandalone target not found
Mono: successfully reloaded assembly
- Finished resetting the current domain, in  0.516 seconds
Domain Reload Profiling: 766ms
	BeginReloadAssembly (87ms)
		ExecutionOrderSort (0ms)
		DisableScriptedObjects (2ms)
		BackupInstance (0ms)
		ReleaseScriptingObjects (0ms)
		CreateAndSetChildDomain (16ms)
	RebuildCommonClasses (18ms)
	RebuildNativeTypeToScriptingClass (6ms)
	initialDomainReloadingComplete (20ms)
	LoadAllAssembliesAndSetupDomain (118ms)
		LoadAssemblies (157ms)
		RebuildTransferFunctionScriptingTraits (0ms)
		AnalyzeDomain (9ms)
			TypeCache.Refresh (4ms)
				TypeCache.ScanAssembly (0ms)
			ScanForSourceGeneratedMonoScriptInfo (0ms)
			ResolveRequiredComponents (3ms)
	FinalizeReload (516ms)
		ReleaseScriptCaches (0ms)
		RebuildScriptCaches (0ms)
		SetupLoadedEditorAssemblies (228ms)
			LogAssemblyErrors (0ms)
			InitializePlatformSupportModulesInManaged (4ms)
			SetLoadedEditorAssemblies (2ms)
			RefreshPlugins (0ms)
			BeforeProcessingInitializeOnLoad (36ms)
			ProcessInitializeOnLoadAttributes (168ms)
			ProcessInitializeOnLoadMethodAttributes (12ms)
			AfterProcessingInitializeOnLoad (5ms)
			EditorAssembliesLoaded (0ms)
		ExecutionOrderSort2 (0ms)
		AwakeInstancesAfterBackupRestoration (5ms)
Refreshing native plugins compatible for Editor in 2.16 ms, found 3 plugins.
Preloading 0 native plugins for Editor in 0.00 ms.
Unloading 3284 Unused Serialized files (Serialized files now loaded: 0)
Unloading 25 unused Assets / (30.8 KB). Loaded Objects now: 3912.
Memory consumption went from 133.5 MB to 133.5 MB.
Total: 1.711500 ms (FindLiveObjects: 0.136200 ms CreateObjectMapping: 0.042400 ms MarkObjects: 1.502600 ms  DeleteObjects: 0.029700 ms)

Prepare: number of updated asset objects reloaded= 0
AssetImportParameters requested are different than current active one (requested -> active):
  custom:container-demuxer-ogg: 62fdf1f143b41e24485cea50d1cbac27 -> 
  custom:video-codec-MediaFoundation-h265: 746d11721c4dcdbdad8f713fa42b33f4 -> 
  custom:video-decoder-ogg-theora: a1e56fd34408186e4bbccfd4996cb3dc -> 
  custom:framework-win-MediaFoundation: 216162199b28c13a410421893ffa2e32 -> 
  custom:CustomObjectIndexerAttribute: 9a22284fe3817be447336de3de66b15e -> 
  custom:container-demuxer-webm: 4f35f7cbe854078d1ac9338744f61a02 -> 
  custom:container-muxer-webm: aa71ff27fc2769a1b78a27578f13a17b -> 
  custom:video-decoder-webm-vp8: 9c59270c3fd7afecdb556c50c9e8de78 -> 
  custom:SearchIndexIgnoredProperties: e643bd26f0fe6173181afceb89e7c659 -> 
  custom:AudioImporter_EditorPlatform: d09bf68614088b80899f8185d706f6e7 -> 
  custom:video-encoder-webm-vp8: eb34c28f22e8b96e1ab97ce403110664 -> 
  custom:audio-decoder-ogg-vorbis: bf7c407c2cedff20999df2af8eb42d56 -> 
  custom:audio-encoder-webm-vorbis: bf7c407c2cedff20999df2af8eb42d56 -> 
========================================================================
Received Import Request.
  Time since last request: 270.824780 seconds.
  path: Assets/!My Prefabs/Bullet 2.prefab
  artifactKey: Guid(9dd5a045a3b980941b2cdf4a94cd46b9) Importer(815301076,1909f56bfc062723c751e8b465ee728b)
Start importing Assets/!My Prefabs/Bullet 2.prefab using Guid(9dd5a045a3b980941b2cdf4a94cd46b9) Importer(815301076,1909f56bfc062723c751e8b465ee728b)  -> (artifact id: 'e585063e5dc0065224bab3b2ccee5670') in 0.050529 seconds
Number of updated asset objects reloaded before import = 0
Number of asset objects unloaded after import = 9
========================================================================
Received Prepare
Begin MonoManager ReloadAssembly
- Loaded All Assemblies, in  0.261 seconds
Refreshing native plugins compatible for Editor in 2.14 ms, found 3 plugins.
Native extension for WindowsStandalone target not found
Mono: successfully reloaded assembly
- Finished resetting the current domain, in  0.562 seconds
Domain Reload Profiling: 820ms
	BeginReloadAssembly (92ms)
		ExecutionOrderSort (0ms)
		DisableScriptedObjects (2ms)
		BackupInstance (0ms)
		ReleaseScriptingObjects (0ms)
		CreateAndSetChildDomain (18ms)
	RebuildCommonClasses (18ms)
	RebuildNativeTypeToScriptingClass (6ms)
	initialDomainReloadingComplete (22ms)
	LoadAllAssembliesAndSetupDomain (119ms)
		LoadAssemblies (161ms)
		RebuildTransferFunctionScriptingTraits (0ms)
		AnalyzeDomain (9ms)
			TypeCache.Refresh (4ms)
				TypeCache.ScanAssembly (0ms)
			ScanForSourceGeneratedMonoScriptInfo (0ms)
			ResolveRequiredComponents (3ms)
	FinalizeReload (562ms)
		ReleaseScriptCaches (0ms)
		RebuildScriptCaches (0ms)
		SetupLoadedEditorAssemblies (236ms)
			LogAssemblyErrors (0ms)
			InitializePlatformSupportModulesInManaged (4ms)
			SetLoadedEditorAssemblies (2ms)
			RefreshPlugins (0ms)
			BeforeProcessingInitializeOnLoad (36ms)
			ProcessInitializeOnLoadAttributes (176ms)
			ProcessInitializeOnLoadMethodAttributes (13ms)
			AfterProcessingInitializeOnLoad (5ms)
			EditorAssembliesLoaded (0ms)
		ExecutionOrderSort2 (0ms)
		AwakeInstancesAfterBackupRestoration (5ms)
Refreshing native plugins compatible for Editor in 2.49 ms, found 3 plugins.
Preloading 0 native plugins for Editor in 0.00 ms.
Unloading 3284 Unused Serialized files (Serialized files now loaded: 0)
Unloading 25 unused Assets / (30.9 KB). Loaded Objects now: 3915.
Memory consumption went from 133.5 MB to 133.5 MB.
Total: 2.085500 ms (FindLiveObjects: 0.145100 ms CreateObjectMapping: 0.042200 ms MarkObjects: 1.869100 ms  DeleteObjects: 0.028500 ms)

Prepare: number of updated asset objects reloaded= 0
AssetImportParameters requested are different than current active one (requested -> active):
  custom:container-demuxer-ogg: 62fdf1f143b41e24485cea50d1cbac27 -> 
  custom:video-codec-MediaFoundation-h265: 746d11721c4dcdbdad8f713fa42b33f4 -> 
  custom:video-decoder-ogg-theora: a1e56fd34408186e4bbccfd4996cb3dc -> 
  custom:framework-win-MediaFoundation: 216162199b28c13a410421893ffa2e32 -> 
  custom:CustomObjectIndexerAttribute: 9a22284fe3817be447336de3de66b15e -> 
  custom:container-demuxer-webm: 4f35f7cbe854078d1ac9338744f61a02 -> 
  custom:container-muxer-webm: aa71ff27fc2769a1b78a27578f13a17b -> 
  custom:video-decoder-webm-vp8: 9c59270c3fd7afecdb556c50c9e8de78 -> 
  custom:SearchIndexIgnoredProperties: e643bd26f0fe6173181afceb89e7c659 -> 
  custom:AudioImporter_EditorPlatform: d09bf68614088b80899f8185d706f6e7 -> 
  custom:video-encoder-webm-vp8: eb34c28f22e8b96e1ab97ce403110664 -> 
  custom:audio-decoder-ogg-vorbis: bf7c407c2cedff20999df2af8eb42d56 -> 
  custom:audio-encoder-webm-vorbis: bf7c407c2cedff20999df2af8eb42d56 -> 
========================================================================
Received Prepare
Begin MonoManager ReloadAssembly
- Loaded All Assemblies, in  0.251 seconds
Refreshing native plugins compatible for Editor in 2.80 ms, found 3 plugins.
Native extension for WindowsStandalone target not found
Mono: successfully reloaded assembly
- Finished resetting the current domain, in  0.586 seconds
Domain Reload Profiling: 836ms
	BeginReloadAssembly (91ms)
		ExecutionOrderSort (0ms)
		DisableScriptedObjects (3ms)
		BackupInstance (0ms)
		ReleaseScriptingObjects (0ms)
		CreateAndSetChildDomain (17ms)
	RebuildCommonClasses (18ms)
	RebuildNativeTypeToScriptingClass (6ms)
	initialDomainReloadingComplete (17ms)
	LoadAllAssembliesAndSetupDomain (118ms)
		LoadAssemblies (156ms)
		RebuildTransferFunctionScriptingTraits (0ms)
		AnalyzeDomain (10ms)
			TypeCache.Refresh (4ms)
				TypeCache.ScanAssembly (0ms)
			ScanForSourceGeneratedMonoScriptInfo (0ms)
			ResolveRequiredComponents (4ms)
	FinalizeReload (587ms)
		ReleaseScriptCaches (0ms)
		RebuildScriptCaches (0ms)
		SetupLoadedEditorAssemblies (235ms)
			LogAssemblyErrors (0ms)
			InitializePlatformSupportModulesInManaged (4ms)
			SetLoadedEditorAssemblies (2ms)
			RefreshPlugins (0ms)
			BeforeProcessingInitializeOnLoad (36ms)
			ProcessInitializeOnLoadAttributes (175ms)
			ProcessInitializeOnLoadMethodAttributes (12ms)
			AfterProcessingInitializeOnLoad (5ms)
			EditorAssembliesLoaded (0ms)
		ExecutionOrderSort2 (0ms)
		AwakeInstancesAfterBackupRestoration (5ms)
Refreshing native plugins compatible for Editor in 2.12 ms, found 3 plugins.
Preloading 0 native plugins for Editor in 0.00 ms.
Unloading 3284 Unused Serialized files (Serialized files now loaded: 0)
Unloading 25 unused Assets / (30.8 KB). Loaded Objects now: 3918.
Memory consumption went from 133.5 MB to 133.5 MB.
Total: 1.854700 ms (FindLiveObjects: 0.142600 ms CreateObjectMapping: 0.119000 ms MarkObjects: 1.563900 ms  DeleteObjects: 0.028400 ms)

Prepare: number of updated asset objects reloaded= 0
AssetImportParameters requested are different than current active one (requested -> active):
  custom:container-demuxer-ogg: 62fdf1f143b41e24485cea50d1cbac27 -> 
  custom:video-codec-MediaFoundation-h265: 746d11721c4dcdbdad8f713fa42b33f4 -> 
  custom:video-decoder-ogg-theora: a1e56fd34408186e4bbccfd4996cb3dc -> 
  custom:framework-win-MediaFoundation: 216162199b28c13a410421893ffa2e32 -> 
  custom:CustomObjectIndexerAttribute: 9a22284fe3817be447336de3de66b15e -> 
  custom:container-demuxer-webm: 4f35f7cbe854078d1ac9338744f61a02 -> 
  custom:container-muxer-webm: aa71ff27fc2769a1b78a27578f13a17b -> 
  custom:video-decoder-webm-vp8: 9c59270c3fd7afecdb556c50c9e8de78 -> 
  custom:SearchIndexIgnoredProperties: e643bd26f0fe6173181afceb89e7c659 -> 
  custom:AudioImporter_EditorPlatform: d09bf68614088b80899f8185d706f6e7 -> 
  custom:video-encoder-webm-vp8: eb34c28f22e8b96e1ab97ce403110664 -> 
  custom:audio-decoder-ogg-vorbis: bf7c407c2cedff20999df2af8eb42d56 -> 
  custom:audio-encoder-webm-vorbis: bf7c407c2cedff20999df2af8eb42d56 -> 
========================================================================
Received Prepare
Begin MonoManager ReloadAssembly
- Loaded All Assemblies, in  0.255 seconds
Refreshing native plugins compatible for Editor in 2.27 ms, found 3 plugins.
Native extension for WindowsStandalone target not found
Mono: successfully reloaded assembly
- Finished resetting the current domain, in  0.537 seconds
Domain Reload Profiling: 790ms
	BeginReloadAssembly (91ms)
		ExecutionOrderSort (0ms)
		DisableScriptedObjects (3ms)
		BackupInstance (0ms)
		ReleaseScriptingObjects (0ms)
		CreateAndSetChildDomain (16ms)
	RebuildCommonClasses (18ms)
	RebuildNativeTypeToScriptingClass (6ms)
	initialDomainReloadingComplete (17ms)
	LoadAllAssembliesAndSetupDomain (122ms)
		LoadAssemblies (162ms)
		RebuildTransferFunctionScriptingTraits (0ms)
		AnalyzeDomain (9ms)
			TypeCache.Refresh (4ms)
				TypeCache.ScanAssembly (0ms)
			ScanForSourceGeneratedMonoScriptInfo (0ms)
			ResolveRequiredComponents (3ms)
	FinalizeReload (538ms)
		ReleaseScriptCaches (0ms)
		RebuildScriptCaches (0ms)
		SetupLoadedEditorAssemblies (231ms)
			LogAssemblyErrors (0ms)
			InitializePlatformSupportModulesInManaged (4ms)
			SetLoadedEditorAssemblies (2ms)
			RefreshPlugins (0ms)
			BeforeProcessingInitializeOnLoad (37ms)
			ProcessInitializeOnLoadAttributes (171ms)
			ProcessInitializeOnLoadMethodAttributes (12ms)
			AfterProcessingInitializeOnLoad (5ms)
			EditorAssembliesLoaded (0ms)
		ExecutionOrderSort2 (0ms)
		AwakeInstancesAfterBackupRestoration (4ms)
Refreshing native plugins compatible for Editor in 2.26 ms, found 3 plugins.
Preloading 0 native plugins for Editor in 0.00 ms.
Unloading 3284 Unused Serialized files (Serialized files now loaded: 0)
Unloading 25 unused Assets / (30.8 KB). Loaded Objects now: 3921.
Memory consumption went from 133.5 MB to 133.5 MB.
Total: 1.814200 ms (FindLiveObjects: 0.180200 ms CreateObjectMapping: 0.052900 ms MarkObjects: 1.551400 ms  DeleteObjects: 0.029000 ms)

Prepare: number of updated asset objects reloaded= 0
AssetImportParameters requested are different than current active one (requested -> active):
  custom:container-demuxer-ogg: 62fdf1f143b41e24485cea50d1cbac27 -> 
  custom:video-codec-MediaFoundation-h265: 746d11721c4dcdbdad8f713fa42b33f4 -> 
  custom:video-decoder-ogg-theora: a1e56fd34408186e4bbccfd4996cb3dc -> 
  custom:framework-win-MediaFoundation: 216162199b28c13a410421893ffa2e32 -> 
  custom:CustomObjectIndexerAttribute: 9a22284fe3817be447336de3de66b15e -> 
  custom:container-demuxer-webm: 4f35f7cbe854078d1ac9338744f61a02 -> 
  custom:container-muxer-webm: aa71ff27fc2769a1b78a27578f13a17b -> 
  custom:video-decoder-webm-vp8: 9c59270c3fd7afecdb556c50c9e8de78 -> 
  custom:SearchIndexIgnoredProperties: e643bd26f0fe6173181afceb89e7c659 -> 
  custom:AudioImporter_EditorPlatform: d09bf68614088b80899f8185d706f6e7 -> 
  custom:video-encoder-webm-vp8: eb34c28f22e8b96e1ab97ce403110664 -> 
  custom:audio-decoder-ogg-vorbis: bf7c407c2cedff20999df2af8eb42d56 -> 
  custom:audio-encoder-webm-vorbis: bf7c407c2cedff20999df2af8eb42d56 -> 
========================================================================
Received Prepare
Begin MonoManager ReloadAssembly
- Loaded All Assemblies, in  0.252 seconds
Refreshing native plugins compatible for Editor in 2.31 ms, found 3 plugins.
Native extension for WindowsStandalone target not found
Mono: successfully reloaded assembly
- Finished resetting the current domain, in  0.521 seconds
Domain Reload Profiling: 770ms
	BeginReloadAssembly (86ms)
		ExecutionOrderSort (0ms)
		DisableScriptedObjects (3ms)
		BackupInstance (0ms)
		ReleaseScriptingObjects (0ms)
		CreateAndSetChildDomain (15ms)
	RebuildCommonClasses (18ms)
	RebuildNativeTypeToScriptingClass (6ms)
	initialDomainReloadingComplete (18ms)
	LoadAllAssembliesAndSetupDomain (121ms)
		LoadAssemblies (158ms)
		RebuildTransferFunctionScriptingTraits (0ms)
		AnalyzeDomain (9ms)
			TypeCache.Refresh (4ms)
				TypeCache.ScanAssembly (0ms)
			ScanForSourceGeneratedMonoScriptInfo (0ms)
			ResolveRequiredComponents (3ms)
	FinalizeReload (522ms)
		ReleaseScriptCaches (0ms)
		RebuildScriptCaches (0ms)
		SetupLoadedEditorAssemblies (232ms)
			LogAssemblyErrors (0ms)
			InitializePlatformSupportModulesInManaged (4ms)
			SetLoadedEditorAssemblies (2ms)
			RefreshPlugins (0ms)
			BeforeProcessingInitializeOnLoad (37ms)
			ProcessInitializeOnLoadAttributes (172ms)
			ProcessInitializeOnLoadMethodAttributes (12ms)
			AfterProcessingInitializeOnLoad (5ms)
			EditorAssembliesLoaded (0ms)
		ExecutionOrderSort2 (0ms)
		AwakeInstancesAfterBackupRestoration (4ms)
Refreshing native plugins compatible for Editor in 2.70 ms, found 3 plugins.
Preloading 0 native plugins for Editor in 0.00 ms.
Unloading 3284 Unused Serialized files (Serialized files now loaded: 0)
Unloading 25 unused Assets / (30.9 KB). Loaded Objects now: 3924.
Memory consumption went from 133.5 MB to 133.5 MB.
Total: 1.692300 ms (FindLiveObjects: 0.140300 ms CreateObjectMapping: 0.043000 ms MarkObjects: 1.477300 ms  DeleteObjects: 0.031100 ms)

Prepare: number of updated asset objects reloaded= 0
AssetImportParameters requested are different than current active one (requested -> active):
  custom:container-demuxer-ogg: 62fdf1f143b41e24485cea50d1cbac27 -> 
  custom:video-codec-MediaFoundation-h265: 746d11721c4dcdbdad8f713fa42b33f4 -> 
  custom:video-decoder-ogg-theora: a1e56fd34408186e4bbccfd4996cb3dc -> 
  custom:framework-win-MediaFoundation: 216162199b28c13a410421893ffa2e32 -> 
  custom:CustomObjectIndexerAttribute: 9a22284fe3817be447336de3de66b15e -> 
  custom:container-demuxer-webm: 4f35f7cbe854078d1ac9338744f61a02 -> 
  custom:container-muxer-webm: aa71ff27fc2769a1b78a27578f13a17b -> 
  custom:video-decoder-webm-vp8: 9c59270c3fd7afecdb556c50c9e8de78 -> 
  custom:SearchIndexIgnoredProperties: e643bd26f0fe6173181afceb89e7c659 -> 
  custom:AudioImporter_EditorPlatform: d09bf68614088b80899f8185d706f6e7 -> 
  custom:video-encoder-webm-vp8: eb34c28f22e8b96e1ab97ce403110664 -> 
  custom:audio-decoder-ogg-vorbis: bf7c407c2cedff20999df2af8eb42d56 -> 
  custom:audio-encoder-webm-vorbis: bf7c407c2cedff20999df2af8eb42d56 -> 
