{"cameraMode":{"drawMode":0,"name":"Shaded","section":"Shading Mode"},"sceneLighting":true,"audioPlay":false,"sceneViewState":{"m_AlwaysRefresh":false,"showFog":true,"showSkybox":true,"showFlares":true,"showImageEffects":true,"showParticleSystems":true,"showVisualEffectGraphs":true,"m_FxEnabled":true},"in2DMode":false,"pivot":{"x":18.799379348754884,"y":13.944944381713868,"z":8.278472900390625},"rotation":{"x":0.14760924875736237,"y":-0.6071851253509522,"z":0.1190052479505539,"w":0.7739307880401611},"size":0.8197847604751587,"orthographic":false}